catalog_identifier	name	long_name	ra	dec	magnitude	major_axis	Type	Const
1	Har 1	WLM	0.516666666666667	-15.4374666666667	10.6	0	Gx	Cet
2	Har 2	85 Peg	0.575	27.0977444444444	5.8	0	D*	Peg
3	Har 3	kappa Scl	2.36666666666667	-27.9758666666667	5.4	0	D*	Scl
4	Har 4	NGC 55	3.8125	-39.1919111111111	7.9	32	Gx	Scl
5	Har 5	35 Psc	3.775	8.8358	6	0	D*	Psc
6	Har 6	38 Psc	4.25	8.8833	7.2	0	D*	Psc
7	Har 7	AC 1	5.25416666666667	32.9949666666667	6.9	0	D*	And
8	Har 8	NGC 104	6.04583333333333	-72.0871888888889	4	31	Gb	Tuc
9	Har 9	Kron 3	6.25	-73.7167	4	0	Gb	Tuc
10	Har 10	NGC 121	6.975	-71.5396888888889	10	1.5	Gb	Tuc
11	Har 11	NGC 134	7.62083333333333	-33.2505555555556	10	8.1	Gx	Scl
12	Har 12	beta Tuc	7.9125	-62.9477444444444	4.4	0	D*	Tuc
13	Har 13	BU 395	9.36666666666667	-24.7552777777778	5.6	0	D*	Cet
14	Har 14	ESO 350-G40	9.25	-33.75	13.5	0	Gx	Scl
15	Har 15	55 Psc	10.0125	21.4544444444444	5.4	0	D*	Psc
16	Har 16	NGC 205	10.125	41.6858	8	17	Gx	And
17	Har 17	NGC 221	10.9583333333333	40.8830888888889	8	8	Gx	And
18	Har 18	NGC 224	10.9666666666667	41.2694777777778	3	178	Gx	And
19	Har 19	NGC 246	11.7958333333333	-11.8921888888889	10.9	3.8	PN	Cet
20	Har 20	NGC 247	11.8166666666667	-20.7817	9.1	20	Gx	Cet
21	Har 21	NGC 253	12.1666666666667	-25.2927444444444	7.1	25	Gx	Scl
22	Har 22	65 Psc	12.5041666666667	27.7269777777778	5.5	0	D*	Psc
23	Har 23	NGC 288	13.475	-26.5916333333333	8	13.8	Gb	Scl
24	Har 24	NGC 300	13.75	-37.6902444444444	8.7	20	Gx	Scl
25	Har 25	NGC 330	14.0916666666667	-72.4902444444444	9	2	OC	Tuc
26	Har 26	NGC 346	14.7916666666667	-72.1902444444445	10	14	C+N	Tuc
27	Har 27	Sculptor Dwarf	15.0041666666667	-33.6888555555556	10.5	0	Gx	Scl
28	Har 28	NGC 362	15.8291666666667	-70.8552777777778	6.6	13	Gb	Tuc
29	Har 29	NGC 371	15.8916666666667	-72.0902444444444	0	8	OC	Tuc
30	Har 30	NGC 376	16.2416666666667	-72.8236444444444	10.5	0	Gb	Tuc
31	Har 31	IC 1613	16.2583333333333	2.13058888888889	9.3	12	Gx	Cet
32	Har 32	beta Phe	16.55	-46.7080555555556	3.3	0	D*	Phe
33	Har 33	NGC 419	17.0916666666667	-72.8902444444445	10	2.6	Gb	Tuc
34	Har 34	zeta Phe	17.1208333333333	55.7525	4.02	0	***	Phe
35	Har 35	IC 1644	17.25	-73.2	11.7	0	Nb	Tuc
36	Har 36	NGC 404	17.3958333333333	35.7183666666667	10	4.4	Gx	And
37	Har 37	BU 303	17.4458333333333	23.8102777777778	6.7	0	D*	Psc
38	Har 38	zeta Psc	18.4708333333333	7.57586666666667	5.21	0	***	Psc
39	Har 39	phi Psc	18.4708333333333	24.5996888888889	4.7	0	D*	Psc
40	Har 40	NGC 456	18.7	-73.2835777777778	0	15	Nb	Tuc
41	Har 41	kappa Tuc	18.9625	-68.8663888888889	4.3	0	D*	Tuc
42	Har 42	HJ 2036	20.0208333333333	-15.8019444444444	6.7	0	D*	Cet
43	Har 43	NGC 524	21.4833333333333	9.5358	10	3.2	Gx	Psc
44	Har 44	NGC 602	22.6125	-73.5575	15.4	0	C+N	Hyi
45	Har 45	eta Psc	22.9041666666667	15.3438555555556	3.83	0	***	Psc
46	Har 46	NGC 598	23.5	30.6572222222222	5	73	Gx	Tri
47	Har 47	NGC 613	23.6083333333333	-29.4250333333333	10	5.8	Gx	Scl
48	Har 48	NGC 625	23.7958333333333	-41.4446888888889	12	3	Gx	Phe
49	Har 49	STF 138	24.0458333333333	7.65944444444444	6.8	0	D*	Psc
50	Har 50	tau Scl	24.0666666666667	-29.8966333333333	5.7	0	D*	Scl
51	Har 51	NGC 628	24.4583333333333	15.7974666666667	9	10.2	Gx	Psc
52	Har 52	UV Cet	24.7416666666667	-17.9466333333333	12.8	0	*	Cet
53	Har 53	DUN 5	24.9708333333333	-56.1874666666667	5.8	0	D*	Eri
54	Har 54	NGC 2573	25.6916666666667	-89.3424666666667	13	3.6	Gx	Oct
55	Har 55	NGC 650	25.6166666666667	51.5722555555556	12	4.8	PN	Per
56	Har 56	ESO 245-G5	26.25	-43.6	12.3	0	Gx	Phe
57	Har 57	epsilon Scl	26.4416666666667	-25.0416333333333	5.3	0	D*	Scl
58	Har 58	STF 174	27.5708333333333	22.2899666666667	5.8	0	D*	Ari
59	Har 59	ESO 245-G7	28.25	19.3	4.6	0	D*	Phe
60	Har 60	gamma Ari	28.4166666666667	19.2921888888889	4.75	0	***	Ari
61	Har 61	HJ 3475	28.8541666666667	-60.3038888888889	6.4	0	D*	Hyi
62	Har 62	STF 186	29.0083333333333	1.86305555555556	6	0	D*	Cet
63	Har 63	chi Eri	29.0166666666667	-51.5996888888889	3.7	0	D*	Eri
64	Har 64	NGC 752	29.7125	37.6996888888889	5.7	50	OC	And
65	Har 65	NGC 772	29.8666666666667	19.0214222222222	10	7.1	Gx	Ari
66	Har 66	alpha Psc	30.5458333333333	2.75972222222222	3.82	0	***	Psc
67	Har 67	gamma And	30.7666666666667	42.3308666666667	2.1	0	***	And
68	Har 68	6 Tri	33.1291666666667	30.3183666666667	4.9	0	D*	Tri
69	Har 69	NGC 869	34.8125	57.1522222222222	4	30	OC	Per
70	Har 70	omicron Cet	34.8708333333333	2.03281111111111	6.47	0	***	Cet
71	Har 71	NGC 891	35.9291666666667	42.3625	9.9	14	Gx	And
72	Har 72	NGC 908	35.8	-21.2405222222222	10	5.5	Gx	Cet
73	Har 73	NGC 936	37.1916666666667	-1.16222222222222	10	5.2	Gx	Cet
74	Har 74	omega For	38.4916666666667	-28.2233666666667	5	0	D*	For
75	Har 75	nu Cet	39.0041666666667	5.605	4.9	0	D*	Cet
76	Har 76	ESO 356-G4	39.75	-34.5333	7.5	0	Gx	For
77	Har 77	NGC 1023	40.1416666666667	39.0778111111111	9	8.7	Gx	Per
78	Har 78	84 Cet	40.3416666666667	-0.684688888888889	5.7	0	D*	Cet
79	Har 79	NGC 1039	40.5625	42.7935777777778	5	35	OC	Per
80	Har 80	NGC 1068	40.9541666666667	0.0189222222222222	8	7	Gx	Cet
81	Har 81	gamma Cet	40.8625	3.24746666666667	3.56	0	***	Cet
82	Har 82	NGC 1097	41.6083333333333	-30.2844111111111	9.2	9	Gx	For
83	Har 83	pi Ari	42.3625	17.4769777777778	5.3	0	D*	Ari
84	Har 84	theta Eri	44.5916666666667	40.6974666666667	2.88	0	***	Eri
85	Har 85	epislon Ari	44.75	21.3333	5.2	0	D*	Ari
86	Har 86	STF 336	45.4125	32.4286444444444	6.6	0	D*	Per
87	Har 87	rho Eri	45.7083333333333	-7.67614444444444	5.3	0	D*	Eri
88	Har 88	HJ 3568	46.8708333333333	-78.9833	5.7	0	D*	Hyi
89	Har 89	beta Per	47.0875	40.9527777777778	2.09	0	***	Per
90	Har 90	NGC 1232	47.7208333333333	-20.5883	9	7.8	Gx	Eri
91	Har 91	alpha For	48.0458333333333	28.015	3.86	0	***	For
92	Har 92	NGC 1261	48.0833333333333	-55.2278111111111	8.4	7	Gb	Hor
93	Har 93	JC 8	48.1333333333333	-44.4144444444444	5.9	0	D*	Eri
94	Har 94	NGC 1291	49.3541666666667	-41.1346888888889	8	10.5	Gx	Eri
95	Har 95	NGC 1313	49.5791666666667	-66.5072222222222	9	8.5	Gx	Ret
96	Har 96	tau Eri	42.9083333333333	21.9835777777778	4.76	0	***	Eri
97	Har 97	NGC 1300	50.2	-19.4208666666667	10	6.5	Gx	Eri
98	Har 98	NGC 1316	50.95	-37.2019444444445	8	7.1	Gx	For
99	Har 99	NGC 1325	51.1375	-21.5530555555556	11	4.6	Gx	Eri
100	Har 100	NGC 1344	52.1083333333333	-31.0789222222222	10	3.9	Gx	For
101	Har 101	NGC 1350	52.8125	-33.6383	10	4.3	Gx	For
102	Har 102	NGC 1360	53.3416666666667	-25.8652777777778	9.4	6.5	PN	For
103	Har 103	NGC 1365	53.6791666666667	-36.1355222222222	9	9.8	Gx	For
104	Har 104	NGC 1379	54.0416666666667	-35.4522222222222	12	2	Gx	For
105	Har 105	NGC 1380	54.3916666666667	-34.9866333333333	11	4.9	Gx	For
106	Har 106	STF 422	54.2333333333333	0.596077777777778	5.8	0	D*	Tau
107	Har 107	NGC 1399	54.9	-35.4613888888889	9	3.2	Gx	For
108	Har 108	STF 425	55.075	34.1280888888889	6.8	0	D*	Per
109	Har 109	NGC 1433	55.5291666666667	-47.2178111111111	10	6.8	Gx	Hor
110	Har 110	NGC 1466	56.4041666666667	-71.6958	11	2.3	Gb	Hyi
111	Har 111	NGC 1448	56.4041666666667	-44.6583333333333	11	8.1	Gx	Hor
112	Har 112	Pleiades	56.7916666666667	24.1269777777778	1.6	120	OC	Tau
113	Har 113	IC 351	57.1833333333333	35.0577777777778	12	0.1	PN	Per
114	Har 114	30 Tau	57.1083333333333	11.1522222222222	5.1	0	D*	Tau
115	Har 115	DUN 16	57.175	-37.6169777777778	4.3	0	D*	Eri
116	Har 116	STT 65	57.5	25.5833	5.8	0	D*	Tau
117	Har 117	IC 2051	58.1875	-83.8452444444444	11.4	2.6	Gx	Men
118	Har 118	zeta Per	58.5	31.8833	2.9	0	D*	Per
119	Har 119	32 Eri	58.6083333333333	-2.94746666666667	4.5	0	D*	Eri
120	Har 120	epsilon Per	59.5125	40.0211444444444	2.9	0	D*	Per
121	Har 121	NGC 1511	60.1625	-67.6485777777778	12	3.3	Gx	Hyi
122	Har 122	NGC 1499	60.3583333333333	36.6278111111111	0	145	Nb	Per
123	Har 123	NGC 1512	61	-43.3622222222222	10	4	Gx	Hor
124	Har 124	STF 495	61.9666666666667	15.1708666666667	6	0	D*	Tau
125	Har 125	NGC 1532	63.0458333333333	-32.8694777777778	11	5.6	Gx	Eri
126	Har 126	47 Tau	63.525	9.27114444444445	4.8	0	D*	Tau
127	Har 127	NGC 1535	63.6	-12.7341333333333	10	0.7	PN	Eri
128	Har 128	39 Eri	63.6333333333333	-10.2508333333333	4.9	0	D*	Eri
129	Har 129	omicron Eri	62.8583333333333	6.15583333333333	4.04	0	***	Eri
130	Har 130	NGC 1549	64.2083333333333	-55.6055555555556	9	3.7	Gx	Dor
131	Har 131	NGC 1559	64.6666666666667	-62.7983	10	3.3	Gx	Ret
132	Har 132	theta Ret	64.4291666666667	-63.2527777777778	5.9	0	D*	Ret
133	Har 133	NGC 1566	65.0208333333333	-54.9349666666667	9	7.6	Gx	Dor
134	Har 134	BU 744	65.4125	-25.7244777777778	6.1	0	D*	Eri
135	Har 135	NGC 1574	65.5125	-56.9725333333333	10	2	Gx	Ret
136	Har 136	BU 87	65.6375	20.8289222222222	5.9	0	D*	Tau
137	Har 137	56 Per	66.2041666666667	33.9683666666667	5.8	0	D*	Per
138	Har 138	STF 541	66.3666666666667	22.2577777777778	4.2	0	***	Tau
139	Har 139	HJ 3650	66.6833333333333	-40.5264222222222	6.7	0	D*	Cae
140	Har 140	STF 559	68.4291666666667	18.0236444444444	6.2	0	D*	Tau
141	Har 141	alpha Tau	68.7708333333333	16.5155555555556	0.87	0	***	Tau
142	Har 142	R Dor	69.2041666666667	-62.0755888888889	5.6	0	*	Dor
143	Har 143	STF 572	69.6666666666667	26.9463555555556	6.6	0	D*	Tau
144	Har 144	HJ 3683	70.0916666666667	-58.9427444444445	6.5	0	D*	Dor
145	Har 145	alpha Cae	70.1666666666667	-41.8616666666667	4.4	0	D*	Cae
146	Har 146	55 Eri	70.9333333333333	-8.79218888888889	6	0	D*	Eri
147	Har 147	NGC 1841	71.25	-84	11.43	0	Gb	Men
148	Har 148	NGC 1672	71.6958333333333	-59.2636111111111	11	4.8	Gx	Dor
149	Har 149	NGC 1647	71.525	19.0678111111111	6	45	OC	Tau
150	Har 150	NGC 1679	72.5083333333333	-31.9988555555556	11.5	3.2	Gx	Cae
151	Har 151	NGC 1711	72.9041666666667	-70.0011111111111	10	0	OC	Men
152	Har 152	iota Pic	72.7541666666667	-53.4583333333333	6.4	0	D*	Pic
153	Har 153	NGC 1714	73.0333333333333	-66.9491333333333	11.61	0	Nb	Dor
154	Har 154	NGC 1712	72.7541666666667	-69.4825333333333	0	0	C+N	Dor
155	Har 155	NGC 1743	73.5166666666667	-69.215	11.26	0	C+N	Dor
156	Har 156	NGC 1763	74.4625	-66.4083333333334	9.4	25	Nb	Dor
157	Har 157	NGC 1783	74.7833333333333	-66.0161111111111	11	0	Gb	Dor
158	Har 158	omega Aur	74.75	37.8833	5	0	D*	Aur
159	Har 159	R Lep	74.9333333333333	-14.8036111111111	8.1	0	*	Lep
160	Har 160	NGC 1818	76.0708333333333	-66.4008333333333	9	3	OC	Dor
161	Har 161	gamma Cae	76.1291666666667	-35.4819777777778	4.5	0	D*	Cae
162	Har 162	NGC 1837	76.4791666666667	-70.7163888888889	12.27	0	C+N	Men
163	Har 163	NGC 1835	76.2791666666667	-69.4163888888889	9	1.2	Gb	Dor
164	Har 164	NGC 1792	76.3333333333333	-37.9958	10	4	Gx	Col
165	Har 165	IC 2118	76.825	-7.23058888888889	13	180	Nb	Eri
166	Har 166	NGC 1808	77.2041666666667	-37.5297555555556	9	7.2	Gx	Col
167	Har 167	14 Ori	77.0083333333333	8.50222222222222	5.3	0	D*	Ori
168	Har 168	NGC 1850	77.4291666666667	-68.7667	9	3	OC	Dor
169	Har 169	STF 644	77.6291666666667	37.3075	6	0	D*	Aur
170	Har 170	STF 652	77.975	1.03968888888889	5.9	0	D*	Ori
171	Har 171	iota Lep	78.1083333333333	-11.8672555555556	4.5	0	D*	Lep
172	Har 172	kappa Lep	78.3416666666667	-12.9394111111111	4.4	0	D*	Lep
173	Har 173	rho Ori	78.3625	2.86416666666667	4.5	0	D*	Ori
174	Har 174	NGC 1866	78.675	-65.4822555555556	9	5	OC	Dor
175	Har 175	NGC 1851	78.5541666666667	-40.0633333333333	7.3	11	Gb	Col
176	Har 176	beta Ori	78.6708333333333	8.79941111111111	0.18	0	***	Ori
177	Har 177	14 Aur	78.9	32.6924666666667	5	0	D*	Aur
178	Har 178	NGC 1910	79.6791666666667	-69.2169777777778	11.2	1	OC	Dor
179	Har 179	tau Ori	79.4375	-6.84246666666667	3.6	0	D*	Ori
180	Har 180	HJ 3750	80.1416666666667	-21.2385777777778	4.7	0	D*	Lep
181	Har 181	HJ 3752	80.475	-24.7722555555556	5.1	0	D*	Lep
182	Har 182	NGC 1935	80.5041666666667	-67.9747555555556	0	0	C+N	Dor
183	Har 183	NGC 1893	80.9833333333333	33.4163888888889	7	11	OC	Aur
184	Har 184	NGC 1904	81.325	-24.5569444444444	8	8.7	Gb	Lep
185	Har 185	eta Ori	81.1583333333333	-2.39524444444444	3.4	0	D*	Ori
186	Har 186	theta Pic	81.2125	-52.3167	6.3	0	D*	Pic
187	Har 187	NGC 1983	82.1791666666667	-68.9508333333333	8	0	C+N	Dor
188	Har 188	IC 418	82.1541666666667	-12.7127777777778	11	0.2	PN	Lep
189	Har 189	beta Lep	82.0958333333333	20.2419111111111	2.83	0	***	Lep
190	Har 190	NGC 1978	82.4583333333333	-66.2341333333333	9	2.7	Gb	Dor
191	Har 191	NGC 1912	82.475	35.8424666666667	6	21	OC	Aur
192	Har 192	118 Tau	82.3625	25.1525	5.5	0	D*	Tau
193	Har 193	NGC 2004	82.925	-67.2871888888889	9	0	OC	Dor
194	Har 194	33 Ori	82.85	3.29385555555556	5.5	0	D*	Ori
195	Har 195	NGC 1931	82.9	34.2538888888889	11	3	C+N	Aur
196	Har 196	delta Ori	83.0416666666667	0.714166666666667	2.25	0	***	Ori
197	Har 197	NGC 2014	83.0833333333333	-67.6678111111111	8	0	C+N	Dor
198	Har 198	NGC 1964	83.375	-21.9622222222222	10	6.2	Gx	Lep
199	Har 199	NGC 1952	83.9291666666667	22.0172555555556	8	6	Nb	Tau
200	Har 200	NGC 2027	83.7583333333333	-66.9178111111111	11.5	0	C+N	Dor
201	Har 201	lambda Ori	83.825	9.93607777777778	3.4	0	D*	Ori
202	Har 202	I 277	83.8291666666667	-71.1344111111111	0	0	D*	Men
203	Har 203	NGC 2032	83.8458333333333	-67.5697555555556	0	0	C+N	Dor
204	Har 204	iota Ori	83.8958333333333	5.09218888888889	2.8	0	***	Ori
205	Har 205	NGC 1976	83.85	-5.45611111111111	4	85	Nb	Ori
206	Har 206	42 Ori	83.8833333333333	-4.83718888888889	4.6	0	D*	Ori
207	Har 207	NGC 1960	84.125	34.1444111111111	6	12	OC	Aur
208	Har 208	NGC 1999	84.3916666666667	-6.715	0	16	Nb	Ori
209	Har 209	NGC 2057	84.4833333333333	-70.2536111111111	12.7	0	OC	Men
210	Har 210	sigma Ori	84.725	-2.59913333333333	3.8	0	D*	Ori
211	Har 211	NGC 2017	84.75	-17.85	6.4	0	OC	Lep
212	Har 212	NGC 2055	84.4291666666667	-69.4013888888889	8.4	0	C+N	Dor
213	Har 213	NGC 2070	84.9166666666667	-69.0955222222222	5.4	40	C+N	Dor
214	Har 214	NGC 2080	85.1875	-69.6636111111111	10.42	0	C+N	Dor
215	Har 215	zeta Ori	85.2291666666667	1.05833333333333	1.74	0	***	Ori
216	Har 216	Barnard 33	85.0125	-2.46583333333333	0	0	DN	Ori
217	Har 217	NGC 2024	85.7166666666667	-1.85555555555556	0	30	Nb	Ori
218	Har 218	NGC 2100	85.5541666666667	-69.2349666666667	9	2	OC	Dor
219	Har 219	NGC 2022	85.5666666666667	9.08746666666667	12	0.3	PN	Ori
220	Har 220	gamma Lep	86.15	-22.4480222222222	3.6	0	D*	Lep
221	Har 221	NGC 2068	86.9791666666667	0.0630555555555556	8	8	Nb	Ori
222	Har 222	52 Ori	87.0416666666667	6.45472222222222	5.3	0	D*	Ori
223	Har 223	BU 94	87.4375	-14.4841333333333	5.5	0	D*	Lep
224	Har 224	NGC 2134	87.7375	-71.1325333333333	11	0	OC	Men
225	Har 225	NGC 2099	88.125	32.5552777777778	5	24	OC	Aur
226	Har 226	Sh2-276	87.0375	1.00055555555556	5	0	Nb	Ori
227	Har 227	alpha Ori	88.8333333333333	7.4075	0.45	0	***	Ori
228	Har 228	IC 2149	89.1541666666667	46.1239222222222	11	0.1	PN	Aur
229	Har 229	NGC 2164	89.9875	-68.5180888888889	10	0	OC	Dor
230	Har 230	theta Aur	89.9833333333333	37.2147222222222	2.65	0	***	Aur
231	Har 231	3 Mon	90.4958333333333	-10.5988555555556	4.9	0	D*	Mon
232	Har 232	HJ 3834	91.1916666666667	-45.0825333333333	5.9	0	D*	Pup
233	Har 233	NGC 2170	92.1666666666667	-6.41583333333333	0	2	Nb	Mon
234	Har 234	NGC 2158	92.1541666666667	24.1133333333333	8	5	OC	Gem
235	Har 235	NGC 2163	92	18.6742	11.6	0	Gb	Ori
236	Har 236	NGC 2169	92.1458333333333	13.9644444444444	5	7	OC	Ori
237	Har 237	NGC 2168	92.2958333333333	24.3335777777778	5	28	OC	Gem
238	Har 238	41 Aur	92.9625	48.7144444444444	5.8	0	D*	Aur
239	Har 239	Hodge 11	93.5	-69.8167	11.2	0	Gb	Dor
240	Har 240	eta Gem	93.5166666666667	22.5066666666667	3.32	0	***	Gem
241	Har 241	NGC 2207	94.125	-21.3758666666667	10	4.3	Gx	CMa
242	Har 242	STF 3116	95.3875	-11.7755888888889	5.5	0	D*	CMa
243	Har 243	NGC 2217	95.6958333333333	-27.2377444444444	10	4.8	Gx	CMa
244	Har 244	IC 2165	95.7125	-12.9896888888889	13	0.1	PN	CMa
245	Har 245	epsilon Mon	95.9833333333333	4.59107777777778	4.4	0	D*	Mon
246	Har 246	HJ 3857	96.0333333333333	-36.7111111111111	5.6	0	D*	Col
247	Har 247	NGC 2232	96.7916666666667	-4.75	3	30	OC	Mon
248	Har 248	BU 753	97.1916666666667	-32.3747555555556	5.7	0	D*	CMa
249	Har 249	beta Mon	97.2416666666667	-7.03552222222222	3.8	0	D*	Mon
250	Har 250	DUN 30	97.475	-50.2408	5.3	0	D*	Pup
251	Har 251	mu Pic	98.0125	-58.7577777777778	5.7	0	D*	Pic
252	Har 252	NGC 2244	98	4.8667	4.8	24	OC	Mon
253	Har 253	NGC 2245	98.25	10.1667	11	5	Nb	Mon
254	Har 254	BU 755	98.8791666666667	-36.7838555555556	5.6	0	D*	Col
255	Har 255	nu CMa	99.1291666666667	-18.6633333333333	5.7	0	D*	CMa
256	Har 256	DUN 31	99.6791666666667	-48.2244777777778	5	0	D*	Pup
257	Har 257	NGC 2261	99.8291666666667	8.74163333333333	9	2	Nb	Mon
258	Har 258	NGC 2264	100.291666666667	9.89718888888889	3	60	C+N	Mon
259	Har 259	S 534	100.725	-22.4525	6.3	0	D*	CMa
260	Har 260	alpha CMa	101.320833333333	16.2877444444444	-1.45	0	***	CMa
261	Har 261	NGC 2287	101.783333333333	-20.7416333333333	4	38	OC	CMa
262	Har 262	STT 156	101.891666666667	18.1905222222222	6.4	0	D*	Gem
263	Har 263	AC 4	102.275	-15.1488555555556	5.4	0	D*	CMa
264	Har 264	NGC 2298	102.275	-36.01	9	6.8	Gb	Pup
265	Har 265	BU 324	102.466666666667	-24.0805888888889	6.3	0	D*	CMa
266	Har 266	NGC 2301	103.229166666667	0.471977777777778	6	12	OC	Mon
267	Har 267	Sh 2-308	103.5	-23.9333	7	0	Nb	CMa
268	Har 268	38 Gem	103.704166666667	13.1742	4.7	0	D*	Gem
269	Har 269	mu CMa	104.0625	-14.0480222222222	5	0	D*	CMa
270	Har 270	B 122	104.425	-24.6355222222222	5.5	0	D*	CMa
271	Har 271	epsilon CMa	104.6875	28.0272555555556	1.5	0	***	CMa
272	Har 272	NGC 2323	105.816666666667	-8.33802222222222	5	16	OC	Mon
273	Har 273	DUN 39	105.833333333333	-59.1835777777778	5.5	0	D*	Car
274	Har 274	HJ 3928	106.4125	-34.7838555555556	6.2	0	D*	Pup
275	Har 275	BU 328	106.704166666667	-11.2991333333333	5.4	0	D*	CMa
276	Har 276	STF 1027	107.2375	16.9044444444444	7.7	0	D*	Gem
277	Har 277	gamma Vol	107.195833333333	-70.5044444444445	3.8	0	D*	Vol
278	Har 278	NGC 2346	107.383333333333	0.811666666666667	11.8	0.9	PN	Mon
279	Har 279	BU 757	108	-36.55	6.1	0	D*	Pup
280	Har 280	STF 1037	108.25	27.2205888888889	6.5	0	D*	Gem
281	Har 281	L Pup	108.4125	-44.6455222222222	4.4	0	*	Pup
282	Har 282	NGC 2353	108.9125	-10.3047222222222	7	20	OC	Mon
283	Har 283	HJ 3945	109.1875	-23.3217	4.8	0	D*	CMa
284	Har 284	NGC 2360	109.716666666667	-15.6305888888889	7.2	13	OC	CMa
285	Har 285	lambda Gem	109.566666666667	16.5352444444444	3.6	0	D*	Gem
286	Har 286	NGC 2359	109.916666666667	-13.2163888888889	11.45	8	Nb	CMa
287	Har 287	NGC 2362	109.954166666667	-24.9602777777778	4.1	8	C+N	CMa
288	Har 288	delta Gem	110.075	21.9772555555556	3.52	0	***	Gem
289	Har 289	Rmk 6	110.1125	-52.3155555555556	5.5	0	D*	Car
290	Har 290	VY CMa	110.775	-25.7739222222222	8.1	0	*	CMa
291	Har 291	NGC 2380	111.008333333333	-27.5189222222222	13	0	Gx	CMa
292	Har 292	NGC 2384	111.333333333333	-21.0463555555556	7	3	OC	CMa
293	Har 293	NGC 2371	111.691666666667	29.4991333333333	13	0.9	PN	Gem
294	Har 294	Mel 66	111.6	-47.7399666666667	7.8	0	OC	Pup
295	Har 295	BU 332	112.0125	-11.5563888888889	6.2	0	D*	CMa
296	Har 296	eta CMi	112.05	6.9358	5.2	0	D*	CMi
297	Har 297	DUN 49	112.245833333333	-31.855	6	0	D*	Pup
298	Har 298	Abell 21	112.295833333333	13.2402444444444	14.1	0	PN	Gem
299	Har 299	sigma Pup	112.333333333333	-43.3080555555556	3.3	0	D*	Pup
300	Har 300	NGC 2392	112.341666666667	20.9228111111111	9.2	0.7	PN	Gem
301	Har 301	STF 1104	112.375	-15.0052777777778	6	0	D*	Pup
302	Har 302	HN 19	113.5	-23.4667	5.8	0	D*	Pup
303	Har 303	alpha Gem	113.7	31.8988555555556	1.98	0	***	Gem
304	Har 304	HJ 3997	113.841666666667	-74.2817	6.3	0	D*	Vol
305	Har 305	NGC 2442	114.091666666667	-69.5488555555556	11	6	Gx	Vol
306	Har 306	NGC 2422	114.433333333333	-14.5061111111111	4	30	OC	Pup
307	Har 307	NGC 2419	114.5875	38.8924666666667	10.4	4.1	Gb	Lyn
308	Har 308	H III 27	114.741666666667	-26.8111111111111	3.8	0	D*	Pup
309	Har 309	STF 1126	115.070833333333	5.2242	6.5	0	D*	CMi
310	Har 310	NGC 2437	115.729166666667	-14.8172555555556	6	27	OC	Pup
311	Har 311	zeta Vol	115.4625	-72.6130555555556	3.9	0	D*	Vol
312	Har 312	NGC 2440	115.516666666667	-18.2325333333333	11	0.5	PN	Pup
313	Har 313	kappa Gem	116.158333333333	24.3910777777778	3.6	0	D*	Gem
314	Har 314	NGC 2447	116.404166666667	-23.8772555555556	6	22	OC	Pup
315	Har 315	NGC 2451	116.341666666667	-37.9750333333333	2	45	OC	Pup
316	Har 316	NGC 2452	116.891666666667	-27.3433	13	0.3	PN	Pup
317	Har 317	5 Pup	117.020833333333	-12.2002777777778	5.5	0	D*	Pup
318	Har 318	NGC 2477	118.070833333333	-38.5577777777778	5.8	27	OC	Pup
319	Har 319	NGC 2467	118.408333333333	-26.3913555555556	7	16	C+N	Pup
320	Har 320	IC 2220	119.483333333333	-59.1169777777778	0	0	Nb	Car
321	Har 321	I 26	119.358333333333	-47.8985777777778	6.2	0	D*	Pup
322	Har 322	NGC 2516	119.55	-60.8778111111111	3.8	30	OC	Car
323	Har 323	BU 202	120.520833333333	-27.2253111111111	6.8	0	D*	Pup
324	Har 324	HJ 4038	120.716666666667	-41.3180888888889	5.5	0	D*	Pup
325	Har 325	STF 1177	121.45	27.5225333333333	6.2	0	D*	CNc
326	Har 326	HJ 4046	121.466666666667	-33.5780888888889	6.2	0	D*	Pup
327	Har 327	epsilon Vol	121.995833333333	-68.6250333333333	4.4	0	D*	Vol
328	Har 328	gamma Vel	122.4125	-47.3449666666667	1.8	0	D*	Vel
329	Har 329	DUN 63	122.479166666667	-42.6491333333333	6.3	0	D*	Pup
330	Har 330	NGC 2547	122.816666666667	-49.2808666666667	4	20	OC	Vel
331	Har 331	HJ 4051	122.779166666667	-37.3086111111111	0	0	D*	Pup
332	Har 332	zeta CNc	123.095833333333	17.6385777777778	5.24	0	***	CNc
333	Har 333	NGC 2546	123.095833333333	-37.6363555555556	6	41	OC	Pup
334	Har 334	NGC 2548	123.716666666667	-5.80972222222222	5	54	OC	Hya
335	Har 335	RMK 8	123.8375	-62.9242	5.2	0	D*	Car
336	Har 336	BU 454	124	-30.9349666666667	6.2	0	D*	Pup
337	Har 337	I 67	125.658333333333	-48.4994111111111	4.8	0	D*	Vel
338	Har 338	HJ 4093	126.608333333333	-39.0694777777778	6.1	0	D*	Pup
339	Har 339	phi CNc	126.741666666667	26.9258666666667	6.3	0	D*	CNc
340	Har 340	HJ 4104	127.304166666667	-47.9424666666667	0	0	D*	Vel
341	Har 341	DUN 70	127.391666666667	-44.7330888888889	5	0	D*	Vel
342	Har 342	Vela SNR	127.529166666667	-44.5094444444445	12	0	Nb	Vel
343	Har 343	I 489	127.9125	-19.5874666666667	5.4	0	D*	Pyx
344	Har 344	SLR 8	128.045833333333	-53.2211444444445	5.7	0	D*	Vel
345	Har 345	BU 205	128.304166666667	-24.6169777777778	6.2	0	D*	Pyx
346	Har 346	NGC 2613	128.379166666667	-22.9667	10	7.2	Gx	Pyx
347	Har 347	NGC 2610	128.383333333333	-16.1591666666667	14	0.6	PN	Hya
348	Har 348	NGC 2626	129.158333333333	-40.6819777777778	0	5	Nb	Vel
349	Har 349	STF 1245	129.004166666667	6.60972222222222	5.9	0	D*	CNc
350	Har 350	BU 208	129.816666666667	-22.6717	5	0	D*	Pyx
351	Har 351	HJ 4128	129.829166666667	-60.3267	6.4	0	D*	Car
352	Har 352	NGC 2632	130.033333333333	19.9952444444444	3	95	OC	CNc
353	Har 353	IC 2391	130.170833333333	-53.0705888888889	2.5	50	OC	Vel
354	Har 354	HJ 4130	130.204166666667	-57.5555555555556	6.3	0	D*	Car
355	Har 355	IC 2395	130.404166666667	-48.2019444444445	4	8	OC	Vel
356	Har 356	NGC 2660	130.6875	-47.1602777777778	8	4	OC	Vel
357	Har 357	delta Vel	131.2	54.2852444444444	1.99	0	***	Vel
358	Har 358	RMK 9	131.295833333333	-58.7338555555556	6.2	0	D*	Car
359	Har 359	iota CNc	131.7125	28.7538888888889	6.6	0	D*	CNc
360	Har 360	epsilon Hya	131.733333333333	6.42503333333333	3.49	0	***	Hya
361	Har 361	Tr 10	131.979166666667	-42.4933	4.6	0	OC	Vel
362	Har 362	NGC 2682	132.5	11.8178111111111	6	30	OC	CNc
363	Har 363	HDO 205	132.666666666667	-46.5394111111111	5.1	0	D*	Vel
364	Har 364	STF 1282	132.733333333333	35.0597222222222	6.9	0	D*	Lyn
365	Har 365	15 Hya	132.933333333333	-7.1883	5.5	0	D*	Hya
366	Har 366	NGC 2683	133.470833333333	33.4247555555556	9	9.3	Gx	Lyn
367	Har 367	57 CNc	133.608333333333	30.5675333333333	5.4	0	D*	CNc
368	Har 368	R 87	134.108333333333	-52.7335777777778	4.7	0	D*	Vel
369	Har 369	RCW 38	134.954166666667	-47.4602777777778	0	0	OC	Vel
370	Har 370	NGC 2736	135	-45.9	12	0	Gx	Vel
371	Har 371	HJ 4165	135.4625	-52.1991333333333	5.2	0	D*	Vel
372	Har 372	RCW 40	135.629166666667	-48.7105555555556	0	0	Nb	Vel
373	Har 373	HJ 4166	135.85	-33.6116666666667	7.2	0	D*	Pyx
374	Har 374	IC 2448	136.795833333333	-69.9519444444445	12	0.1	PN	Car
375	Har 375	STF 1316	137.008333333333	-7.1525	8.2	0	D*	Hya
376	Har 376	NGC 2775	137.625	7.04107777777778	10.3	4.5	Gx	CNc
377	Har 377	RS CNc	137.708333333333	30.9505555555556	6	0	*	CNc
378	Har 378	NGC 2808	138.033333333333	-64.8733666666667	6	13.8	Gb	Car
379	Har 379	NGC 2784	138.116666666667	-24.1680888888889	10	5.1	Gx	Hya
380	Har 380	NGC 2792	138.141666666667	-42.4391333333333	14	0.2	PN	Vel
381	Har 381	HJ 4188	138.154166666667	-43.6275333333333	0	0	D*	Vel
382	Har 382	I 11	138.841666666667	-45.5663888888889	6.3	0	D*	Vel
383	Har 383	NGC 2818	139.033333333333	-36.6280888888889	8	9	OC	Pyx
384	Har 384	STF 1333	139.658333333333	35.3511111111111	5.9	0	D*	Lyn
385	Har 385	38 Lyn	139.758333333333	36.7891333333333	3.8	0	D*	Lyn
386	Har 386	STF 1338	140.295833333333	38.1750333333333	6.1	0	D*	Lyn
387	Har 387	NGC 2867	140.383333333333	-58.3225333333333	9.7	0.2	PN	Car
388	Har 388	NGC 2899	141.791666666667	-56.1002777777778	11.8	2	PN	Vel
389	Har 389	omega Leo	142.154166666667	9.04357777777778	5.4	0	D*	Leo
390	Har 390	psi Vel	142.708333333333	-40.4783666666667	3.6	0	D*	Vel
391	Har 391	zeta Antliae	142.725	-31.9011111111111	5.8	0	D*	Ant
392	Har 392	VBRC	142.75	-56.3	13	0	PN	Vel
393	Har 393	R Car	143.0875	-62.7996888888889	7.4	0	*	Car
394	Har 394	NGC 2903	143.083333333333	21.5016666666667	8	12.6	Gx	Leo
395	Har 395	HJ 4220	143.466666666667	-49.0167	5.1	0	D*	Vel
396	Har 396	IC 2501	144.975	-60.0863555555556	11	0.4	PN	Car
397	Har 397	STF 1374	145.391666666667	38.9355222222222	6.9	0	D*	LMi
398	Har 398	NGC 2997	146.695833333333	-31.1869111111111	11	8.1	Gx	Ant
399	Har 399	NGC 2992	146.7125	-14.3405222222222	11	4.1	Gx	Hya
400	Har 400	HJ 4245	146.566666666667	-45.9319777777778	6.6	0	D*	Vel
401	Har 401	upsilon Car	146.8	-65.0830888888889	2.9	0	D*	Car
402	Har 402	R Leo	146.929166666667	11.4144444444444	10.4	0	*	Leo
403	Har 403	gamma Sex	148.1625	-8.11864444444444	5.1	0	D*	Sex
404	Har 404	DUN 81	148.604166666667	-45.2963555555556	5.7	0	D*	Vel
405	Har 405	NGC 3114	150.904166666667	-60.1253111111111	4	35	OC	Car
406	Har 406	NGC 3109	150.8125	-26.1552777777778	10	14.5	Gx	Hya
407	Har 407	HRG 47	150.920833333333	-61.8955222222222	6.1	0	D*	Car
408	Har 408	NGC 3115	151.345833333333	-7.73281111111111	9.1	8	Gx	Sex
409	Har 409	NGC 3132	151.791666666667	-40.4491333333333	9.4	0.8	PN	Vel
410	Har 410	alpha Leo	152.133333333333	11.9689222222222	1.36	0	***	Leo
411	Har 411	Leo I	152.154166666667	12.2924666666667	10.2	0	Gx	Leo
412	Har 412	IC 2553	152.366666666667	-62.6253111111111	13	0.2	PN	Car
413	Har 413	S Car	152.370833333333	-61.5605555555556	6.9	0	*	Car
414	Har 414	NGC 3195	152.604166666667	-80.8694777777778	11	0.6	PN	Cha
415	Har 415	NGC 3166	153.729166666667	3.44357777777778	11.6	5.2	Gx	Sex
416	Har 416	SEE 118	153.8125	-55.5611111111111	6.6	0	D*	Vel
417	Har 417	STT 215	154	17.7333	7.2	0	D*	Leo
418	Har 418	HLD 101	154.229166666667	-20.6835777777778	6.6	0	D*	Hya
419	Har 419	NGC 3199	154.383333333333	-57.9175333333333	0	22	Nb	Car
420	Har 420	NGC 3201	154.6875	-46.4236444444444	6.7	18	Gb	Vel
421	Har 421	NGC 3211	154.741666666667	-62.6822555555556	12	0.2	PN	Car
422	Har 422	NGC 3190	154.566666666667	21.8496888888889	11	4.6	Gx	Leo
423	Har 423	HJ 4306	154.8	-64.6877444444445	5.7	0	D*	Car
424	Har 424	gamma Leo	154.783333333333	19.8421888888889	2.61	0	***	Leo
425	Har 425	RMK 13	155.2625	-56.0555555555556	4.5	0	D*	Vel
426	Har 426	BU 219	155.433333333333	-22.5424666666667	6.5	0	D*	Hya
427	Har 427	NGC 3228	155.625	-51.7180888888889	6	18	OC	Vel
428	Har 428	NGC 3247	156.745833333333	-57.9383	7	7	C+N	Car
429	Har 429	NGC 3242	156.479166666667	-18.6399666666667	7.8	21	PN	Hya
430	Har 430	NGC 3245	156.870833333333	28.5075	10	3.2	Gx	LMi
431	Har 431	IC 2581	156.891666666667	-57.6374666666667	4	8	OC	Car
432	Har 432	NGC 3256	157.245833333333	-43.9019444444444	11	3.5	Gx	Vel
433	Har 433	delta Antliae	157.433333333333	-30.6205888888889	5.6	0	D*	Ant
434	Har 434	NGC 3271	157.895833333333	-35.3739222222222	11	2.3	Gx	Ant
435	Har 435	49 Leo	158.8	8.63441111111111	5.7	0	D*	Leo
436	Har 436	NGC 3293	159.233333333333	-58.2366333333333	4	40	C+N	Car
437	Har 437	NGC 3309	159.433333333333	-27.5319777777778	11	1.9	Gx	Hya
438	Har 438	NGC 3324	159.358333333333	-58.6388555555556	6	16	C+N	Car
439	Har 439	U Hya	159.425	-13.3994111111111	4.9	0	*	Hya
440	Har 440	tau Car	159.720833333333	-59.1949666666667	4.7	0	D*	Car
441	Har 441	GLI 152	159.779166666667	-58.8289222222222	6	0	D*	Car
442	Har 442	NGC 3347	160.979166666667	-36.3672555555556	13	4.4	Gx	Ant
443	Har 443	IC 2602	160.766666666667	-64.4061111111111	1.9	50	OC	Car
444	Har 444	35 Sex	160.875	4.7317	5.8	0	D*	Sex
445	Har 445	NGC 3351	161.029166666667	11.7030555555556	9	4.4	Gx	Leo
446	Har 446	NGC 3372	161.066666666667	-59.8789222222222	2.5	12	Nb	Car
447	Har 447	delta Cha	161.345833333333	-80.4808666666667	5.5	0	D*	Cha
448	Har 448	mu Vel	161.725	-49.4330888888889	2.7	0	D*	Vel
449	Har 449	NGC 3368	161.979166666667	11.8197555555556	9	6	Gx	Leo
450	Har 450	NGC 3379	162.245833333333	12.5971888888889	9	2	Gx	Leo
451	Har 451	40 Sex	162.358333333333	-4.03941111111111	6.6	0	D*	Sex
452	Har 452	HJ 4383	163.458333333333	-70.7319777777778	6	0	D*	Car
453	Har 453	54 Leo	163.945833333333	24.7322555555556	4.3	0	D*	Leo
454	Har 454	AG Car	164.083333333333	-60.4658333333333	7.1	0	*	Car
455	Har 455	R 164	164.841666666667	-61.3328111111111	6.2	0	D*	Car
456	Har 456	IC 2621	165.116666666667	-65.2613888888889	11.2	0.1	PN	Car
457	Har 457	NGC 3503	165.354166666667	-59.8594444444445	0	3	Nb	Car
458	Har 458	NGC 3521	166.741666666667	0.0369111111111111	8	9.5	Gx	Leo
459	Har 459	NGC 3532	166.695833333333	-58.6822555555556	3	55	OC	Car
460	Har 460	65 Leo	166.7625	1.93913333333333	5.5	0	D*	Leo
461	Har 461	IC 2631	167.591666666667	-76.6167	0	0	Nb	Cha
462	Har 462	NGC 3581	168.041666666667	-61.3138888888889	0	0	Nb	Car
463	Har 463	Lo 5	168.25	-48.1034722222222	12.5	0	PN	Cen
464	Har 464	NGC 3603	168.8125	-61.2566666666667	9	12	C+N	Car
465	Har 465	HJ 4423	169.15	-45.8930222222222	6.3	0	D*	Cen
466	Har 466	xi UMa	169.591666666667	31.5167	4.41	0	***	UMa
467	Har 467	NGC 3621	169.6	-32.8258666666667	10	10	Gx	Hya
468	Har 468	nu UMa	169.6625	33.0924666666667	3.49	0	***	UMa
469	Har 469	NGC 3623	169.770833333333	13.0896888888889	9	8	Gx	Leo
470	Har 470	STF 1527	169.7875	14.2511111111111	6.6	0	D*	Leo
471	Har 471	NGC 3627	170.1	12.9888555555556	9	8	Gx	Leo
472	Har 472	NGC 3628	170.108333333333	13.6052777777778	9	14.8	Gx	Leo
473	Har 473	HJ 4432	170.875	-64.9667	5.1	0	D*	Mus
474	Har 474	iota Leo	171.020833333333	10.5122222222222	4	0	D*	Leo
475	Har 475	BRS 5	171.2	-61.6605555555556	7.2	0	D*	Cen
476	Har 476	gamma Crt	171.258333333333	-17.6991333333333	4.1	0	D*	Crt
477	Har 477	NGC 3699	172.025	-59.9536111111111	11.3	1.1	PN	Cen
478	Har 478	FG 1	172.1875	-52.9483	11.4	0	PN	Cen
479	Har 479	57 UMa	172.25	39.3333	5.3	0	D*	UMa
480	Har 480	JC 16	172.445833333333	-24.4789222222222	5.8	0	D*	Crt
481	Har 481	H III 96	173	-29.2667	5.7	0	D*	Hya
482	Har 482	I 78	173.441666666667	-40.6002777777778	5.4	0	D*	Cen
483	Har 483	90 Leo	173.716666666667	16.7792	6	0	D*	Leo
484	Har 484	NGC 3766	174.095833333333	-61.6222555555556	5.3	12	OC	Cen
485	Har 485	HJ 4455	174.179166666667	-33.5846888888889	5.7	0	D*	Hya
486	Har 486	IC 2948	174.8875	-63.5455222222222	0	60	Nb	Cen
487	Har 487	NGC 3918	177.6125	-57.1949666666667	8	0.2	PN	Cen
488	Har 488	CorO 130	178	-65.2178111111111	4.9	0	D*	Mus
489	Har 489	beta Hya	178.2625	-33.9222555555556	4.3	0	D*	Hya
490	Har 490	BIDz 1	178.25	-50.85	13	0	PN	Cen
491	Har 491	epsilon Cha	179.95	-78.2330888888889	4.9	0	D*	Cha
492	Har 492	NGC 4038	180.508333333333	-18.8803111111111	10.7	2.6	Gx	Crv
493	Har 493	NGC 4062	181.054166666667	31.9088888888889	11	4.3	Gx	UMa
494	Har 494	NGC 4071	181.104166666667	-67.3047222222222	14	1.3	PN	Mus
495	Har 495	2 Com	181.108333333333	21.4405222222222	5.9	0	D*	Com
496	Har 496	HJ 4498	181.641666666667	-65.7283666666667	6.1	0	D*	Mus
497	Har 497	NGC 4103	181.954166666667	-61.2619444444444	7	7	OC	Cru
498	Har 498	NGC 4105	181.954166666667	-29.7750333333333	12	2.4	Gx	Hya
499	Har 499	NGC 4147	182.5625	18.5569444444444	10	4	Gb	Com
500	Har 500	NGC 4192	183.7375	14.9141666666667	10	9.5	Gx	Com
501	Har 501	RMK 14	183.55	-45.7371888888889	5.3	0	D*	Cen
502	Har 502	BU 920	183.983333333333	-23.3689222222222	6.5	0	D*	Crv
503	Har 503	NGC 4216	184.0125	13.1625	10	8.3	Gx	Vir
504	Har 504	2 CVn	184.070833333333	40.6402444444444	5.7	0	D*	CVn
505	Har 505	NGC 4244	184.6625	37.8208666666667	10.2	16	Gx	CVn
506	Har 506	STF 1627	184.575	-3.96527777777778	6.6	0	D*	Vir
507	Har 507	NGC 4254	184.991666666667	14.4322555555556	9	5.5	Gx	Com
508	Har 508	NGC 4258	184.779166666667	47.3030555555556	8	19	Gx	CVn
509	Har 509	BU 605	185.083333333333	-22.1908	5.9	0	D*	Crv
510	Har 510	NGC 4281	185.125	5.38496666666667	11	3.1	Gx	Vir
511	Har 511	STF 1633	185.208333333333	27.0355222222222	6.3	0	D*	Com
512	Har 512	NGC 4303	185.516666666667	4.4717	9	6	Gx	Vir
513	Har 513	17 Vir	185.670833333333	5.28802222222222	6.5	0	D*	Vir
514	Har 514	NGC 4321	185.766666666667	15.8205888888889	9	7	Gx	Com
515	Har 515	STF 1639	186.15	25.5636111111111	6.4	0	D*	Com
516	Har 516	NGC 4349	186.316666666667	-61.9155555555556	7	16	OC	Cru
517	Har 517	NGC 4361	186.416666666667	-18.8	10	1.8	PN	Crv
518	Har 518	NGC 4374	186.3	12.8849666666667	9	5	Gx	Vir
519	Har 519	NGC 4382	186.3875	18.1885777777778	9	7.1	Gx	Com
520	Har 520	NGC 4372	186.733333333333	-72.6703111111111	7.8	19	Gb	Mus
521	Har 521	NGC 4406	186.583333333333	12.9611111111111	9	7.5	Gx	Vir
522	Har 522	alpha Cru	186.5	63.9	1.33	0	***	Cru
523	Har 523	3c273	187.3125	2.03308888888889	12	0	*	Vir
524	Har 524	NGC 4472	187.729166666667	8.01527777777778	8	9	Gx	Vir
525	Har 525	delta Crv	187.254166666667	16.4971888888889	2.94	0	***	Crv
526	Har 526	BU 28	187.558333333333	-13.4088888888889	6.4	0	D*	Crv
527	Har 527	NGC 4486	187.991666666667	12.4052777777778	8	7	Gx	Vir
528	Har 528	PK 299+18.1	187.75	-44.2333	13	0	PN	Cen
529	Har 529	gamma Cru	187.858333333333	57.8933	1.59	0	***	Cru
530	Har 530	NGC 4501	188.033333333333	14.4178111111111	9	7	Gx	Com
531	Har 531	NGC 4517	188.475	0.131422222222222	10	10.2	Gx	Vir
532	Har 532	NGC 4526	188.545833333333	7.71416666666667	9	7.2	Gx	Vir
533	Har 533	NGC 4535	188.620833333333	8.21277777777778	9	6.8	Gx	Vir
534	Har 534	24 Com	188.816666666667	18.3586111111111	5	0	D*	Com
535	Har 535	NGC 4548	188.895833333333	14.5111111111111	10	5.4	Gx	Com
536	Har 536	NGC 4552	189.204166666667	12.5541666666667	9	4	Gx	Vir
538	Har 538	NGC 4565	189.120833333333	25.9849666666667	9.6	16	Gx	Com
539	Har 539	NGC 4567	189.420833333333	11.2561111111111	11	3	Gx	Vir
540	Har 540	NGC 4569	189.275	13.1733666666667	9	9.5	Gx	Vir
537	Har 537	NGC 4559	189.245833333333	27.9786444444444	9.8	10	Gx	Com
541	Har 541	NGC 4579	189.716666666667	11.8167	9	5.5	Gx	Vir
542	Har 542	Rup 106	189.5	-51.15	11	0	Gb	Cen
543	Har 543	NGC 4590	190.154166666667	-26.7572222222222	8	12	Gb	Hya
544	Har 544	NGC 4594	190.033333333333	-11.6222555555556	8	9	Gx	Vir
545	Har 545	STF 1669	190.354166666667	-13.0305888888889	5.2	0	D*	Crv
546	Har 546	gamma Cen	190.416666666667	-48.9722555555556	2.2	0	D*	Cen
547	Har 547	gamma Vir	190.454166666667	1.56611111111111	3.44	0	***	Vir
548	Har 548	NGC 4621	190.545833333333	11.6622222222222	9	5	Gx	Vir
549	Har 549	31 Vir	190.525	6.78913333333333	5.6	0	D*	Vir
550	Har 550	NGC 4631	190.566666666667	32.5383	9.3	15	Gx	CVn
551	Har 551	NGC 4649	191.2	11.5513888888889	8	7	Gx	Vir
552	Har 552	NGC 4656	191.029166666667	32.1830888888889	10	13.8	Gx	CVn
553	Har 553	NGC 4666	191.320833333333	0.480033333333333	10	4.5	Gx	Vir
554	Har 554	beta Mus	191.616666666667	-68.1192	3	0	D*	Mus
555	Har 555	beta Cru	191.970833333333	59.3002777777778	1.25	0	***	Cru
556	Har 556	NGC 4697	192.433333333333	-5.8	9.3	6	Gx	Vir
557	Har 557	NGC 4696	192.491666666667	-41.3253111111111	10	3.5	Gx	Cen
558	Har 558	NGC 4710	192.695833333333	15.1794777777778	11	5.1	Gx	Com
559	Har 559	RCW 71	192.5	-61.5833	0	0	Nb	Cru
560	Har 560	NGC 4725	192.645833333333	25.5138888888889	9	11	Gx	Com
561	Har 561	NGC 4736	192.754166666667	41.1178111111111	8	7	Gx	CVn
562	Har 562	NGC 4754	193.108333333333	11.3289222222222	10	4.7	Gx	Vir
563	Har 563	35 Com	193.358333333333	21.2264222222222	4.9	0	D*	Com
564	Har 564	NGC 4755	193.695833333333	-60.3341333333333	4.2	10	OC	Cru
565	Har 565	NGC 4782	193.9375	-12.5686444444444	11	1.5	Gx	Crv
566	Har 566	mu Cru	193.695833333333	-57.1803111111111	5.1	0	D*	Cru
567	Har 567	alpha CVn	194.041666666667	38.3319777777778	2.89	0	***	CVn
568	Har 568	NGC 4826	194.466666666667	21.6971888888889	8	9.3	Gx	Com
569	Har 569	NGC 4833	195.195833333333	-70.8855222222222	7.3	14	Gb	Mus
570	Har 570	NGC 4889	195.070833333333	27.9736444444444	11.4	3	Gx	Com
571	Har 571	48 Vir	196.0125	-3.67947777777778	6.6	0	D*	Vir
572	Har 572	NGC 4945	196.4	-49.4753111111111	8.7	20	Gx	Cen
573	Har 573	R 213	196.895833333333	-59.8717	6	0	D*	Cen
574	Har 574	theta Mus	197.075	-65.3167	5.4	0	D*	Mus
575	Har 575	NGC 4976	197.445833333333	-49.5016666666667	10	4.3	Gx	Cen
576	Har 576	IC 4191	197.495833333333	-67.6541666666667	12	0.1	PN	Mus
577	Har 577	theta Vir	197.525	-5.555	4.4	0	D*	Vir
578	Har 578	alpha Com	197.279166666667	17.5283666666667	4.85	0	***	Com
579	Har 579	BU 931	197.733333333333	13.2891333333333	7.1	0	D*	Vir
580	Har 580	NGC 5005	197.766666666667	37.0552777777778	9.8	5.4	Gx	CVn
581	Har 581	STT 261	198.041666666667	32.0663888888889	6.7	0	D*	CVn
582	Har 582	I 424	198.116666666667	-59.9278111111111	0	0	D*	Cen
583	Har 583	NGC 5024	198.266666666667	18.1678111111111	7	12.6	Gb	Com
584	Har 584	54 Vir	198.4	-18.8410777777778	6.3	0	D*	Vir
585	Har 585	NGC 5055	199.2375	42.0460777777778	8	10	Gx	CVn
586	Har 586	NGC 5053	199.145833333333	17.7133333333333	9	10.5	Gb	Com
587	Har 587	BU 800	199.25	16.9985777777778	6.5	0	D*	Com
588	Har 588	NGC 5061	199.558333333333	-26.8346888888889	12	2.6	Gx	Hya
589	Har 589	NGC 5102	200.525	-36.6449666666667	9	9.3	Gx	Cen
590	Har 590	NGC 5128	201.6625	-43.0289222222222	7	18	Gx	Cen
591	Har 591	NGC 5139	201.9875	-47.4930222222222	3.6	36	Gb	Cen
592	Har 592	Dark Nebula	202.25	-63.5333	0	0	DN	Cen
593	Har 593	R Hya	202.466666666667	-23.2949666666667	6.4	0	*	Hya
594	Har 594	NGC 5194	202.5	47.2086111111111	8	11	Gx	CVn
595	Har 595	SEE 180	202.883333333333	-42.4772555555556	6.6	0	D*	Cen
596	Har 596	NGC 5189	203.683333333333	-65.9844111111111	10	2.6	PN	Mus
597	Har 597	HN 69	204	-26.5	5.8	0	D*	Hya
598	Har 598	NGC 5236	204.2875	-29.8808666666667	7	11	Gx	Hya
599	Har 599	25 CVn	204.395833333333	36.2758666666667	4.8	0	D*	CVn
600	Har 600	NGC 5248	204.666666666667	8.88552222222222	10.2	6	Gx	Boo
601	Har 601	R 223	204.575	-58.4253111111111	6.4	0	D*	Cen
602	Har 602	NGC 5247	204.55	-17.8994111111111	10	5.4	Gx	Vir
603	Har 603	PK307-4.1	204.945833333333	-67.3899666666667	12.9	0	PN	Mus
604	Har 604	NGC 5253	205.020833333333	-31.655	10	4	Gx	Cen
605	Har 605	1 Boo	205.2	19.9380222222222	5.7	0	D*	Boo
606	Har 606	DUN 141	205.479166666667	-54.5717	5	0	D*	Cen
607	Har 607	NGC 5272	205.579166666667	28.3905222222222	6	16.2	Gb	CVn
608	Har 608	84 Vir	205.8	3.5217	5.4	0	D*	Vir
609	Har 609	86 Vir	206.520833333333	-12.4410777777778	5.5	0	D*	Vir
610	Har 610	NGC 5286	206.654166666667	-51.3675333333333	7.6	9	Gb	Cen
611	Har 611	NGC 5281	206.941666666667	-62.9097222222222	5	5	OC	Cen
612	Har 612	CorO 157	206.8375	-62.5977444444444	9.5	0	D*	Cen
613	Har 613	Howe  94	207.266666666667	-35.7133333333333	6.6	0	D*	Cen
614	Har 614	STF 1785	207.295833333333	26.9608333333333	7	0	D*	Boo
615	Har 615	ESO 383-G087	207.3625	-36.0786444444444	10.5	0	Gx	Cen
616	Har 616	NGC 5307	207.808333333333	-51.2	12	0.2	PN	Cen
617	Har 617	3 Cen	207.995833333333	-33.0063888888889	4.3	0	D*	Cen
618	Har 618	RMK 18	208.054166666667	-52.8205888888889	7.5	0	D*	Cen
619	Har 619	BU 343	208.041666666667	-31.6317	6.1	0	D*	Cen
620	Har 620	4 Cen	208.341666666667	-31.9399666666667	4.8	0	D*	Cen
621	Har 621	NGC 5315	208.5375	-66.5233666666667	13	0.1	PN	Cir
622	Har 622	STF 1788	208.779166666667	-8.07364444444445	6.2	0	D*	Vir
623	Har 623	R 227	209.129166666667	-54.1427444444444	6.1	0	D*	Cen
624	Har 624	NGC 5367	209.720833333333	-39.9896888888889	0	4	Nb	Cen
625	Har 625	HJ 4632	209.679166666667	-65.8083333333333	6.2	0	D*	Cir
626	Har 626	BU 1197	210.795833333333	-31.6960777777778	6.2	0	D*	Cen
627	Har 627	beta Cen	210.754166666667	60.6328111111111	0.61	0	***	Cen
628	Har 628	NGC 5466	211.645833333333	28.5333	9	11	Gb	Boo
629	Har 629	NGC 5460	212.158333333333	-48.3197555555556	5	25	OC	Cen
630	Har 630	SLR 19	211.966666666667	-49.8778111111111	6.5	0	D*	Cen
631	Har 631	Circinus Dwarf	213.35	-65.3421888888889	10.6	0	Gx	Cir
632	Har 632	CorO 167	213.804166666667	-61.7161111111111	6.7	0	D*	Cen
633	Har 633	R Cen	214.191666666667	-59.9230888888889	7.2	0	*	Cen
634	Har 634	BU 1110	214.975	-36.8692	7.2	0	D*	Cen
635	Har 635	HJ 4672	215.079166666667	-43.0689222222222	5.5	0	D*	Lup
636	Har 636	IC 4406	215.65	-44.1613888888889	11	0.5	PN	Lup
637	Har 637	DUN 159	215.7	-58.4683666666667	4.8	0	D*	Cen
638	Har 638	R 244	215.704166666667	-48.3305888888889	6.1	0	D*	Lup
639	Har 639	STF 1835	215.875	8.42947777777778	4.9	0	D*	Boo
640	Har 640	STF 1837	216.204166666667	-11.6830888888889	6.5	0	D*	Lib
641	Har 641	Sh 179	216.4125	-19.9825333333333	6.6	0	D*	Lib
642	Har 642	phi Vir	217.083333333333	2.77558888888889	4.84	0	***	Vir
643	Har 643	NGC 5634	217.691666666667	-5.98996666666667	9	4.9	Gb	Vir
644	Har 644	NGC 5617	217.733333333333	-60.7194777777778	6	10	OC	Cen
645	Har 645	HDO 232	217.629166666667	-49.5286444444444	5.4	0	D*	Lup
646	Har 646	PK315-0.1	218.370833333333	-60.8349666666667	13	0	PN	Cen
647	Har 647	NGC 5662	218.954166666667	-56.5602777777778	5	12	OC	Cen
648	Har 648	HJ 4690	219.379166666667	-46.1380222222222	8.5	0	D*	Lup
649	Har 649	alpha Cen	219.945833333333	60.1586111111111	-0.01	0	***	Cen
650	Har 650	NGC 5694	220.191666666667	-26.5496888888889	10.2	3.6	Gb	Hya
651	Har 651	pi Boo	220.2125	16.4030555555556	4.5	0	D*	Boo
652	Har 652	zeta Boo	220.316666666667	13.7130555555556	3.8	0	D*	Boo
653	Har 653	BU 414	220.504166666667	-30.9438555555556	6.4	0	D*	Cen
654	Har 654	alpha Lup	220.525	-47.3974666666667	2.3	0	D*	Lup
655	Har 655	alpha Cir	220.679166666667	-64.9833	3.2	0	D*	Cir
656	Har 656	NGC 5746	221.266666666667	1.95833333333333	10	7.9	Gx	Vir
657	Har 657	36 Boo	221.275	27.0580555555556	2.4	0	D*	Boo
658	Har 658	54 Hya	221.5375	-25.4544444444444	5.2	0	D*	Hya
659	Har 659	5 Lib	221.525	-15.4717	6.3	0	D*	Lib
660	Har 660	HJ 4698	221.8	-52.3921888888889	5.2	0	D*	Lup
661	Har 661	STF 1884	222.125	24.3511111111111	6.2	0	D*	Boo
662	Har 662	mu Lib	222.366666666667	-14.1611111111111	5.3	0	D*	Lib
663	Har 663	xi Boo	222.875	19.0855222222222	4.5	0	D*	Boo
664	Har 664	I 236	223.370833333333	-73.1971888888889	5.6	0	D*	Aps
665	Har 665	HJ 4715	224.175	-47.8877444444444	5.6	0	D*	Lup
666	Har 666	HN 28	224.25	-21.4167	5.8	0	D*	Lib
667	Har 667	59 Hya	224.7	-27.6678111111111	5.7	0	D*	Hya
668	Har 668	kappa Cen	224.833333333333	-42.1133333333333	3.1	0	D*	Cen
669	Har 669	IC 4499	225.179166666667	-82.2197555555556	10	7.6	Gb	Aps
670	Har 670	delta Lib	225.279166666667	-8.53114444444445	4.9	0	D*	Lib
671	Har 671	BU 348	225.4875	-0.153333333333333	5.7	0	D*	Vir
672	Har 672	NGC 5824	226	-33.0667	9	6.2	Gb	Lup
673	Har 673	sigma Lib	226.054166666667	25.7258666666667	3.25	0	***	Lib
674	Har 674	pi Lup	226.325	-47.0594444444444	3.9	0	D*	Lup
675	Har 675	NGC 5822	226.383333333333	-54.3541666666667	7	40	OC	Lup
676	Har 676	CaPO 15	226.658333333333	-72.1767	6.9	0	D*	Aps
677	Har 677	STF 1910	226.916666666667	9.2125	6.7	0	D*	Boo
678	Har 678	NGC 5844	227.975	-64.6969111111111	13.2	0	PN	TrA
679	Har 679	kappa Lup	228.029166666667	-48.7458	3.9	0	D*	Lup
680	Har 680	iota Lib	228.091666666667	-19.8022222222222	4.5	0	D*	Lib
681	Har 681	NGC 5873	228.25	-38.1346888888889	13	0.1	PN	Lup
682	Har 682	NGC 5882	229.25	-45.6575	11	0.1	PN	Lup
683	Har 683	The Ghost Globular	229.3875	-21.0205888888889	8	12.6	Gb	Lib
684	Har 684	STF 1932	229.6	26.8189222222222	0	0	D*	CrB
685	Har 685	mu Lup	229.679166666667	-47.8830888888889	4.3	0	D*	Lup
686	Har 686	NGC 5904	229.920833333333	2.08691111111111	5	17.4	Gb	Ser
687	Har 687	5 Ser	229.8625	1.75277777777778	5	0	D*	Ser
688	Har 688	I 332	230.225	-67.4877444444444	6.3	0	D*	TrA
689	Har 689	Howe 76	230.416666666667	-38.2272555555556	6.6	0	D*	Lup
690	Har 690	PK342+27.1	230.616666666667	-23.6360777777778	11.6	0	PN	Lib
691	Har 691	eta CrB	230.825	30.2736444444444	5	0	D*	CrB
692	Har 692	gamma Cir	230.895833333333	-59.3272555555556	4.5	0	D*	Cir
693	Har 693	mu Boo	231.15	37.3828111111111	4.31	0	***	Boo
694	Har 694	NGC 5927	232.045833333333	-50.6797555555556	8	12	Gb	Lup
695	Har 695	delta Ser	233.729166666667	10.5267	3.8	0	D*	Ser
696	Har 696	gamma Lup	233.825	-41.1744777777778	2.8	0	D*	Lup
697	Har 697	NGC 5946	234.1625	-50.6828111111111	9	7.1	Gb	Nor
698	Har 698	HJ 4788	234.016666666667	-44.9655555555556	4.5	0	D*	Lup
699	Har 699	PK315-13.1	234.358333333333	-71.9203111111111	11.8	0	PN	Aps
700	Har 700	zeta CrB	234.866666666667	36.6219777777778	4.6	0	D*	CrB
701	Har 701	BU 122	235.0125	-19.7783666666667	6.9	0	D*	Lib
702	Har 702	gamma CrB	235.7125	26.2825333333333	3.8	0	D*	CrB
703	Har 703	BU 619	235.820833333333	13.6555555555556	6.5	0	D*	Ser
704	Har 704	Howe 79	236.1375	-41.8253111111111	5.9	0	D*	Lup
705	Har 705	HLD 124	236.291666666667	-50.7919111111111	6.4	0	D*	Nor
706	Har 706	NGC 5986	236.554166666667	-37.7933	7	9.8	Gb	Lup
707	Har 707	NGC 5979	237.225	-61.2233666666667	12.2	0.1	PN	TrA
708	Har 708	RMK 20	237.029166666667	-65.4474666666667	5.5	0	D*	TrA
709	Har 709	Shapley 1	237.966666666667	-51.5305888888889	13.6	0	PN	Nor
710	Har 710	NGC 5999	238.083333333333	-56.4783666666667	9	5	OC	Nor
711	Har 711	2 Sco	238.441666666667	-25.3352444444444	4.6	0	D*	Sco
712	Har 712	SLR 11	238.770833333333	-60.7488555555556	6.1	0	D*	TrA
713	Har 713	HJ 4813	238.9375	-60.1828111111111	5.8	0	D*	Nor
714	Har 714	xi Lup	239.2625	-33.9733666666667	5.1	0	D*	Lup
715	Har 715	eta Lup	240.070833333333	-38.4033333333333	3.4	0	D*	Lup
716	Har 716	NGC 6026	240.379166666667	-34.5344111111111	12.5	0.8	PN	Lup
717	Har 717	iota Nor	240.933333333333	-57.7800333333333	4.6	0	D*	Nor
718	Har 718	NGC 6025	241.125	-60.5027777777778	5.1	12	OC	TrA
719	Har 719	xi Sco	241.125	-11.3819777777778	4.3	0	D*	Sco
720	Har 720	beta Sco	241.395833333333	19.1930222222222	2.56	0	***	Sco
721	Har 721	Brs 11	242.425	-32.6552777777778	6.2	0	D*	Sco
722	Har 722	nu Sco	242.779166666667	19.5410777777778	4.5	0	***	Sco
723	Har 723	IC 4593	243.2125	12.0778111111111	11	2	PN	Her
724	Har 724	12 Sco	243.104166666667	-28.4242	5.7	0	D*	Sco
725	Har 725	NGC 6072	243.283333333333	-36.2360777777778	14	1.2	PN	Sco
726	Har 726	NGC 6067	243.341666666667	-54.2236444444444	5	13	OC	Nor
727	Har 727	PK329-2.2	243.683333333333	-54.9552777777778	11.9	0	PN	Nor
728	Har 728	sigma CrB	243.691666666667	33.8469111111111	5.2	0	D*	CrB
729	Har 729	NGC 6093	244.295833333333	-22.9985777777778	7	8.9	Gb	Sco
730	Har 730	NGC 6087	244.7625	-57.9052777777778	5.4	12	OC	Nor
731	Har 731	sigma Sco	245.333333333333	25.4161111111111	2.9	0	***	Sco
732	Har 732	NGC 6121	246.183333333333	-26.5483	5	26.3	Gb	Sco
733	Har 733	HN 39	246	-29.7	5.8	0	D*	Sco
734	Har 734	NGC 6124	246.625	-40.6753111111111	5.8	29	OC	Sco
735	Har 735	rho Oph	246.433333333333	-23.4536111111111	4.6	0	D*	Oph
736	Har 736	NGC 6101	246.520833333333	-72.2047222222222	9.3	11	Gb	Aps
737	Har 737	epsilon Nor	246.841666666667	-47.5591666666667	4.5	0	D*	Nor
738	Har 738	NGC 6144	246.845833333333	-26.0474666666667	9	9.3	Gb	Sco
739	Har 739	NGC 6134	247.2375	-49.1555555555556	7	7	OC	Nor
740	Har 740	NGC 6139	247.208333333333	-38.8538888888889	9	5.5	Gb	Sco
741	Har 741	iota TrA	247.045833333333	-64.0613888888889	5.3	0	D*	TrA
742	Har 742	STF 2048	247.2375	-8.13663333333333	6.5	0	D*	Oph
743	Har 743	alpha Sco	247.3875	26.5714222222222	1.06	0	***	Sco
744	Har 744	lambda Oph	247.758333333333	1.97558888888889	3.8	0	D*	Oph
745	Har 745	NGC 6153	248.170833333333	-40.2583333333333	12	0.4	PN	Sco
746	Har 746	NGC 6171	248.416666666667	-13.0605555555556	8	10	Gb	Oph
747	Har 747	NGC 6164	248.716666666667	-48.1008333333333	6.7	0	PN	Nor
748	Har 748	NGC 6167	248.691666666667	-49.6091666666667	6	8	OC	Nor
749	Har 749	R Ara	249.9875	-56.9974666666667	6.7	0	*	Ara
750	Har 750	NGC 6188	250.320833333333	-48.7991333333333	5.2	20	Nb	Ara
751	Har 751	NGC 6193	250.379166666667	-48.7828111111111	5.2	15	OC	Ara
752	Har 752	zeta Her	250.345833333333	31.5921888888889	2.8	0	D*	Her
753	Har 753	NGC 6205	250.691666666667	36.4669777777778	5	16.6	Gb	Her
754	Har 754	NGC 6200	251.075	-47.4994111111111	7	12	OC	Ara
755	Har 755	BU 1116	251.108333333333	-27.4608333333333	6.6	0	D*	Sco
756	Har 756	NGC 6210	251.395833333333	23.8242	9	0.2	PN	Her
757	Har 757	NGC 6204	251.833333333333	-47.0205888888889	8	5	OC	Ara
758	Har 758	NGC 6229	251.758333333333	47.5344111111111	9	4.5	Gb	Her
759	Har 759	NGC 6218	251.841666666667	-1.95472222222222	6	14.5	Gb	Oph
760	Har 760	CorO 201	252.695833333333	-50.0474666666667	6.5	0	D*	Ara
761	Har 761	HJ 4889	252.791666666667	-37.5167	6.1	0	D*	Sco
762	Har 762	21 Oph	252.883333333333	1.20888888888889	5.5	0	D*	Oph
763	Har 763	STF 2107	252.979166666667	28.6575	6.6	0	D*	Her
764	Har 764	NGC 6221	253.491666666667	-59.2214222222222	11	3.2	Gx	Ara
765	Har 765	NGC 6235	253.391666666667	-22.1988555555556	10	5	Gb	Oph
766	Har 766	NGC 6231	253.5	-41.8	2.6	15	C+N	Sco
767	Har 767	I 576	253.7875	-41.1544444444444	5.8	0	D*	Sco
768	Har 768	NGC 6242	254.179166666667	-39.5144444444444	6	9	OC	Sco
769	Har 769	24 Oph	254.2375	-23.155	5.6	0	D*	Oph
770	Har 770	IC 4628	254.283333333333	-40.3374666666667	7.3	90	Nb	Sco
771	Har 771	NGC 6254	254.316666666667	-4.10555555555556	6	15.1	Gb	Oph
772	Har 772	NGC 6256	255.175	-37.1250333333333	11.3	0	Gb	Sco
773	Har 773	SEE 316	255.158333333333	-48.6505555555556	6	0	D*	Ara
774	Har 774	NGC 6266	255.341666666667	-30.1328111111111	6	14.1	Gb	Oph
775	Har 775	IC 4634	255.675	-21.8474666666667	11	0.2	PN	Oph
776	Har 776	NGC 6273	255.945833333333	-26.2722555555556	7	13.5	Gb	Oph
777	Har 777	NGC 6284	256.408333333333	-24.7689222222222	9	5.6	Gb	Oph
778	Har 778	NGC 6281	256.4625	-37.9052777777778	5	60	C+N	Sco
779	Har 779	IC 4637	256.333333333333	-40.8883	14	0.3	PN	Sco
780	Har 780	NGC 6287	256.325	-22.7125	9	5.1	Gb	Oph
781	Har 781	NGC 6293	257.579166666667	-26.5852444444444	8	7.9	Gb	Oph
782	Har 782	eta Oph	257.629166666667	15.2797555555556	2.43	0	***	Oph
783	Har 783	NGC 6302	258.725	-37.1066666666667	9.6	0.8	PN	Sco
784	Har 784	Howe 86	258.516666666667	-38.2974666666667	6.7	0	D*	Sco
785	Har 785	NGC 6309	258.55	-12.9319777777778	11	1.1	PN	Oph
786	Har 786	HJ 4926	258.658333333333	-39.7692	6.4	0	D*	Sco
787	Har 787	NGC 6304	258.925	-29.4822555555556	8	6.8	Gb	Oph
788	Har 788	alpha Her	258.6875	14.3841333333333	3.37	0	***	Her
789	Har 789	delta Her	258.779166666667	24.8488555555556	3.12	0	***	Her
790	Har 790	36 Oph	258.875	-26.6036111111111	4.3	0	D*	Oph
791	Har 791	U Oph	259.1625	1.20527777777778	5.9	0	D*	Oph
792	Har 792	NGC 6316	259.441666666667	-28.1433	9	4.9	Gb	Oph
793	Har 793	41 Oph	259.183333333333	-0.450555555555556	4.7	0	D*	Oph
794	Har 794	NGC 6341	259.295833333333	43.1455222222222	6	11.2	Gb	Her
795	Har 795	omicron Oph	259.5375	-24.2902444444444	5.1	0	D*	Oph
796	Har 796	NGC 6325	259.533333333333	-23.7694777777778	10	4.3	Gb	Oph
797	Har 797	MLO 4	259.775	-34.9921888888889	5.5	0	D*	Sco
798	Har 798	BSO 13	259.808333333333	-46.6385777777778	5.5	0	D*	Ara
799	Har 799	NGC 6333	259.833333333333	-18.5203111111111	7	9.3	Gb	Oph
800	Har 800	BU 126	260.004166666667	-17.7602777777778	6	0	D*	Oph
801	Har 801	NGC 6334	260.25	-35.7167	10	40	Nb	Sco
802	Har 802	NGC 6326	260.491666666667	-51.7558333333333	12	0.2	PN	Ara
803	Har 803	NGC 6342	260.329166666667	-19.5908	9	3	Gb	Oph
804	Har 804	NGC 6337	260.604166666667	-38.4858	12	0.8	PN	Sco
805	Har 805	NGC 6356	261.179166666667	-17.8167	8	7.2	Gb	Oph
806	Har 806	Barnard 72	260.9125	-23.6363555555556	0	0	DN	Oph
807	Har 807	rho Her	260.9375	37.1391333333333	4.2	0	D*	Her
808	Har 808	NGC 6355	261.029166666667	-26.3566666666667	9	5	Gb	Oph
809	Har 809	NGC 6357	261.470833333333	-34.1703111111111	11.2	50	Nb	Sco
810	Har 810	IC 4651	261.25	-49.9563888888889	6	12	OC	Ara
811	Har 811	gamma Ara	261.395833333333	-56.3786444444445	3.3	0	D*	Ara
812	Har 812	NGC 6352	261.666666666667	-48.4242	8.1	7	Gb	Ara
813	Har 813	HJ 4949	261.758333333333	-45.8446888888889	5.3	0	D*	Ara
814	Har 814	NGC 6366	262.216666666667	-5.09746666666667	10	8.3	Gb	Oph
815	Har 815	NGC 6369	262.370833333333	-23.7792	13	1.1	PN	Oph
816	Har 816	STF 2173	262.629166666667	-1.06725555555556	5.3	0	D*	Oph
817	Har 817	HP 1	262.808333333333	-29.9838555555556	12.5	0	Gb	Oph
818	Har 818	I 40	263	-46.0380222222222	6	0	D*	Ara
819	Har 819	NGC 6362	263.0375	-67.0647222222222	8	10.7	Gb	Ara
820	Har 820	NGC 6380	263.908333333333	-39.0705888888889	11.3	3.9	Gb	Sco
821	Har 821	NGC 6383	263.966666666667	-32.5667	5	80	C+N	Sco
822	Har 822	NGC 6388	264.1125	-44.7360777777778	6	8.7	Gb	Sco
823	Har 823	Ton 2	264.083333333333	-38.5547222222222	12.2	0	Gb	Sco
824	Har 824	NGC 6402	264.679166666667	-3.26611111111111	7	11.7	Gb	Oph
825	Har 825	NGC 6401	264.941666666667	-23.9278111111111	9	5.6	Gb	Oph
826	Har 826	NGC 6405	265.125	-32.2225333333333	4	25	OC	Sco
827	Har 827	NGC 6397	265.470833333333	-53.6739222222222	5.6	26	Gb	Ara
828	Har 828	61 Oph	266.170833333333	2.57586666666667	6.2	0	D*	Oph
829	Har 829	NGC 6426	266.258333333333	3	11	3.2	Gb	Oph
830	Har 830	IC 4663	266.6625	-44.9055555555556	13	0.2	PN	Sco
831	Har 831	IC 4665	266.604166666667	5.72975555555556	4	41	OC	Oph
832	Har 832	mu Her	266.633333333333	27.7152777777778	3.4	0	D*	Her
833	Har 833	IC 4662	266.841666666667	-64.6419111111111	11	2.2	Gx	Pav
834	Har 834	NGC 6440	267.254166666667	-20.3780888888889	9	5.4	Gb	Sgr
835	Har 835	NGC 6445	267.345833333333	-20.0280888888889	13	0.6	PN	Sgr
836	Har 836	NGC 6441	267.591666666667	-37.0519444444444	7	7.8	Gb	Sco
837	Har 837	HJ 4978	267.658333333333	-53.6122222222222	5.7	0	D*	Ara
838	Har 838	NGC 6451	267.958333333333	-30.2294777777778	8	8	OC	Sco
839	Har 839	NGC 6453	267.754166666667	-34.6161111111111	9	3.5	Gb	Sco
840	Har 840	NGC 6475	268.5	-34.8267	3	80	OC	Sco
841	Har 841	90 Herculis	268.341666666667	40.0033333333333	5.2	0	D*	Sgr
842	Har 842	NGC 6476	268.545833333333	-29.1452444444444	3.3	0	OC	Sgr
843	Har 843	Barnard 289	269	-28.9167	0	0	DN	Sgr
844	Har 844	STF 2245	269.125	18.3297555555556	7.3	0	D*	Her
845	Har 845	NGC 6494	269.304166666667	-19.0200333333333	5	27	OC	Sgr
846	Har 846	Barnard's Star	269.479166666667	4.69913333333333	0	0	*	Oph
847	Har 847	I 1013	269.533333333333	-39.1366333333333	6.3	0	D*	Sco
848	Har 848	NGC 6496	269.8	-44.2814222222222	9	6.9	Gb	Sco
849	Har 849	H 5003	269.8125	-30.2541666666667	5	0	D*	Sgr
850	Har 850	PK352-7.1	270.091666666667	-38.8303111111111	11.4	0	PN	CrA
851	Har 851	95 Her	270.4	21.5924666666667	4.3	0	D*	Her
852	Har 852	NGC 6517	270.741666666667	-8.97725555555556	10	4.3	Gb	Oph
853	Har 853	NGC 6514	270.708333333333	-23.0394111111111	6	28	C+N	Sgr
854	Har 854	tau Oph	270.8	-8.18225555555556	4.8	0	D*	Oph
855	Har 855	NGC 6520	270.891666666667	-27.9083333333333	8	6	OC	Sgr
856	Har 856	NGC 6522	271.179166666667	-30.0341333333333	8	5.6	Gb	Sgr
857	Har 857	NGC 6523	271.208333333333	-24.3977444444444	5	90	Nb	Sgr
858	Har 858	NGC 6535	271.241666666667	0.315833333333333	10	3.6	Gb	Ser
859	Har 859	Barnard 87	271.1125	-32.5002777777778	0	0	DN	Sgr
860	Har 860	NGC 6531	271.341666666667	-22.5075	5	13	OC	Sgr
861	Har 861	NGC 6528	271.495833333333	-30.0561111111111	9	3.7	Gb	Sgr
862	Har 862	NGC 6539	271.4875	-7.58746666666667	9	6.9	Gb	Ser
863	Har 863	70 Oph	271.391666666667	2.49663333333333	4	0	D*	Oph
864	Har 864	STF 2276	271.454166666667	12.0011111111111	6.5	0	D*	Oph
865	Har 865	HJ 5014	271.75	-43.4244777777778	4.9	0	D*	CrA
866	Har 866	Shapley 3	271.8625	-51.0242	11.9	0	PN	Ara
867	Har 867	NGC 6544	271.870833333333	-25.0147222222222	8	8.9	Gb	Sgr
868	Har 868	100 Her	271.979166666667	26.0983	5.8	0	D*	Her
869	Har 869	NGC 6541	272.05	-43.7111111111111	6.6	13	Gb	CrA
870	Har 870	NGC 6553	272.35	-25.9080555555556	8	8.1	Gb	Sgr
871	Har 871	73 Oph	272.420833333333	3.99135555555556	5.7	0	D*	Oph
872	Har 872	IC 1274	272.554166666667	-23.7399666666667	0	9	Nb	Sgr
873	Har 873	BU 245	272.5625	-30.7286444444444	5.5	0	D*	Sgr
874	Har 874	STF 2289	272.5625	16.4739222222222	6.1	0	D*	Her
875	Har 875	NGC 6558	272.6125	-31.7803111111111	0	3.7	Gb	Sgr
876	Har 876	IC 1276	272.970833333333	-7.21305555555556	0	7.1	Gb	Ser
877	Har 877	epsilon Tel	272.85	-45.9536111111111	4.5	0	D*	Tel
878	Har 878	NGC 6565	273.004166666667	-28.1952444444444	13	0.2	PN	Sgr
879	Har 879	NGC 6563	273	-33.8667	14	0.8	PN	Sgr
880	Har 880	NGC 6572	273.054166666667	6.85166666666667	9	0.1	PN	Oph
881	Har 881	NGC 6569	273.7	-31.8427444444444	8	5.8	Gb	Sgr
882	Har 882	BU 131	273.433333333333	-15.6005555555556	0	0	D*	Ser
883	Har 883	NGC 6567	273.5	-19.0833	12	0.1	PN	Sgr
884	Har 884	NGC 6589	274.25	-19.7783666666667	10.5	5	Gb	Sgr
885	Har 885	eta Sgr	274.445833333333	-36.7611111111111	3.1	0	D*	Sgr
886	Har 886	NGC 6603	274.5	-18.4167	11	90	OC	Sgr
887	Har 887	IC 4699	274.925	-45.9991333333333	12	0.2	PN	Tel
888	Har 888	NGC 6584	274.954166666667	-52.2300333333333	9	7.9	Gb	Tel
889	Har 889	NGC 6611	274.983333333333	-13.7835777777778	6	7	C+N	Ser
890	Har 890	NGC 6613	275.008333333333	-17.1335777777778	6	9	OC	Sgr
891	Har 891	STF 2303	275.054166666667	-7.98197777777778	6.5	0	D*	Ser
892	Har 892	NGC 6618	275.483333333333	-16.1835777777778	6	11	C+N	Sgr
893	Har 893	xi Pav	275.858333333333	-61.4916333333333	4.4	0	D*	Pav
894	Har 894	NGC 6624	276.204166666667	-30.3769777777778	8	5.9	Gb	Sgr
895	Har 895	NGC 6626	276.420833333333	-24.8694777777778	6	11.2	Gb	Sgr
896	Har 896	AC 11	276.266666666667	-1.58003333333333	6.2	0	D*	Ser
897	Har 897	21 Sgr	276.370833333333	-20.5413555555556	4.8	0	D*	Sgr
898	Har 898	NGC 6629	276.7125	-23.2022222222222	12	0.3	PN	Sgr
899	Har 899	59 Ser	276.829166666667	0.195522222222222	5.2	0	D*	Ser
900	Har 900	BU 133	276.966666666667	-26.6341333333333	6.3	0	D*	Sgr
901	Har 901	NGC 6633	277.091666666667	6.5742	4	27	OC	Oph
902	Har 902	NGC 6638	277.770833333333	-25.5122222222222	9	5	Gb	Sgr
903	Har 903	IC 1287	277.933333333333	-10.8496888888889	0	44	Nb	Sct
904	Har 904	NGC 6637	277.883333333333	-32.3633333333333	7	7.1	Gb	Sgr
905	Har 905	IC 4725	278.229166666667	-19.2644444444444	4	40	OC	Sgr
906	Har 906	NGC 6642	278.0125	-23.4921888888889	8	4.5	Gb	Sgr
907	Har 907	NGC 6630	278.445833333333	-63.2896888888889	13.9	0	Gx	Pav
908	Har 908	NGC 6644	278.429166666667	-25.1444111111111	12	0.1	PN	Sgr
909	Har 909	NGC 6645	278.441666666667	-16.9	9	10	OC	Sgr
910	Har 910	kappa CrA	278.3875	-38.7242	5.7	0	D*	CrA
911	Har 911	NGC 6652	279.229166666667	-32.9885777777778	8	3.5	Gb	Sgr
912	Har 912	STT 358	278.995833333333	16.9747555555556	6.2	0	D*	Her
913	Har 913	NGC 6656	279.1375	-23.9022222222222	5	24	Gb	Sgr
914	Har 914	alpha Lyr	279	38.7994111111111	0.03	0	***	Lyr
915	Har 915	IC 4756	279.779166666667	5.45	5	52	OC	Ser
916	Har 916	Pal 8	280.408333333333	-19.8244777777778	11.2	0	Gb	Sgr
917	Har 917	NGC 6681	280.841666666667	-32.3066666666667	8	7.8	Gb	Sgr
918	Har 918	epsilon Lyr	281.1	39.6697555555556	4.7	0	D*	Lyr
919	Har 919	NGC 6694	281.329166666667	-9.41555555555556	8	15	OC	Sct
920	Har 920	STF 2375	281.404166666667	5.50055555555556	0	0	D*	Ser
921	Har 921	IC 4776	281.5	-33.3572222222222	12	0.1	PN	Sgr
922	Har 922	STF 2373	281.495833333333	-10.4905222222222	7	0	D*	Sct
923	Har 923	NGC 6684	282.295833333333	-65.1863555555556	10	3.7	Gx	Pav
924	Har 924	R 314	282.5	-72.9916333333333	6	0	D*	Pav
925	Har 925	beta Lyr	282.5375	33.3627777777778	3.6	0	***	Lyr
926	Har 926	STF 2404	282.716666666667	10.9761444444444	6.4	0	D*	Aql
927	Har 927	NGC 6705	282.804166666667	-6.28197777777778	5	14	OC	Sct
928	Har 928	NGC 6709	283.15	10.3508333333333	6	13	OC	Aql
929	Har 929	STF 2411	283.104166666667	14.5360777777778	6.5	0	D*	Her
930	Har 930	NGC 6712	283.3	-8.70472222222222	8	7.2	Gb	Sct
931	Har 931	NGC 6720	283.6625	33.0460777777778	9	1.4	PN	Lyr
932	Har 932	IC 1295	283.9375	-8.84191111111111	15	1.4	PN	Sct
933	Har 933	NGC 6715	283.8	-30.4924666666667	7	9.1	Gb	Sgr
934	Har 934	NGC 6717	283.808333333333	-22.7152777777778	9.2	3.9	Gb	Sgr
935	Har 935	theta Ser	284.0875	4.20333333333333	4.62	0	***	Ser
936	Har 936	BU 648	284.275	32.9022222222222	5.2	0	D*	Lyr
937	Har 937	I 113	284.7625	-48.5030555555556	6.6	0	D*	Tel
938	Har 938	NGC 6723	285.175	-36.6452444444444	7	11	Gb	Sgr
939	Har 939	Brs 14	285.308333333333	-37.0583333333333	6.4	0	D*	CrA
940	Har 940	NGC 6729	285.520833333333	-36.9547222222222	0	1	Nb	CrA
941	Har 941	Sh2-71	285.533333333333	2.15805555555556	13.2	0	PN	Aql
942	Har 942	zeta Sgr	285.6875	29.1272555555556	2.6	0	***	Sgr
943	Har 943	HJ 5082	285.8	-19.2430222222222	6	0	D*	Sgr
944	Har 944	H 126	286.116666666667	-21.5289222222222	7.2	0	D*	Sgr
945	Har 945	NGC 6749	286.341666666667	1.78607777777778	11	6.3	Gb	Aql
946	Har 946	zeta Aql	286.379166666667	13.865	2.99	0	***	Aql
947	Har 947	NGC 6751	286.5	-6	13	0.3	PN	Aql
948	Har 948	gamma CrA	286.641666666667	-37.0602777777778	4.2	0	D*	CrA
949	Har 949	R Aql	286.620833333333	8.2317	7.6	0	*	Aql
950	Har 950	STF 2470	287.204166666667	34.7619444444444	7	0	D*	Lyr
951	Har 951	NGC 6744	287.745833333333	-63.8527777777778	8.3	16	Gx	Pav
952	Har 952	NGC 6752	287.766666666667	-59.9941333333333	5.4	20	Gb	Pav
953	Har 953	NGC 6760	287.829166666667	1.04968888888889	9	6.6	Gb	Aql
954	Har 954	V1343 Aql	287.983333333333	4.98496666666667	13	0	***	Aql
955	Har 955	BU 139	288.175	16.8522222222222	0	0	D*	Sge
956	Har 956	eta Lyr	288.454166666667	39.1477444444444	4.43	0	***	Lyr
957	Har 957	NGC 6772	288.929166666667	-2.70388888888889	14	1	PN	Aql
958	Har 958	STF 2489	289.125	14.5525	0	0	D*	Aql
959	Har 959	NGC 6779	289.416666666667	30.1869111111111	8	7.1	Gb	Lyr
960	Har 960	IC 1297	289.3875	-39.6255888888889	10.7	0.1	PN	CrA
961	Har 961	2 Vul	289.454166666667	23.0278111111111	5.5	0	D*	Vul
962	Har 962	NGC 6778	289.633333333333	-1.61	13	0.3	PN	Aql
963	Har 963	NGC 6781	289.645833333333	6.55916666666667	12	1.8	PN	Aql
964	Har 964	23 Aql	289.6625	1.08802222222222	5.1	0	D*	Aql
965	Har 965	beta Sgr	290.7	44.5377444444444	3.96	0	***	Sgr
966	Har 966	NGC 6790	290.766666666667	1.53281111111111	10	0.1	PN	Aql
967	Har 967	Cr 399	291.370833333333	20.1863555555556	3.6	0	OC	Vul
968	Har 968	H 119	292.504166666667	-26.9814222222222	5.5	0	D*	Sgr
969	Har 969	NGC 6802	292.920833333333	20.2700333333333	8	3	OC	Vul
970	Har 970	beta Cyg	292.7	27.9630555555556	3.37	0	***	Cyg
971	Har 971	NGC 6803	292.841666666667	10.0602777777778	11	0.1	PN	Aql
972	Har 972	NGC 6804	293.175	9.22892222222222	12	1.1	PN	Aql
973	Har 973	AQ Sgr	293.6125	-16.3700333333333	7	0	*	Sgr
974	Har 974	STF 2545	294.7125	-10.1525	6.6	0	D*	Aql
975	Har 975	NGC 6809	295.033333333333	-30.9739222222222	7	19	Gb	Sgr
976	Har 976	NGC 6819	295.3375	40.1874666666667	7	5	OC	Cyg
977	Har 977	chi Aql	295.666666666667	11.8308666666667	5.3	0	D*	Aql
978	Har 978	NGC 6818	296.020833333333	-14.165	10	0.3	PN	Sgr
979	Har 979	NGC 6822	296.266666666667	-14.8022222222222	8.8	10	Gx	Sgr
980	Har 980	delta Cyg	296.004166666667	45.1180888888889	2.9	0	***	Cyg
981	Har 981	Pal 11	296.341666666667	-8.0025	11.9	0	Gb	Aql
982	Har 982	17 Cyg	296.625	33.7317	5	0	D*	Cyg
983	Har 983	pi Aql	297.2	11.8205888888889	5.8	0	D*	Aql
984	Har 984	zeta Sge	297.266666666667	19.1466333333333	5	0	D*	Sge
985	Har 985	chi Cyg	297.658333333333	32.9189222222222	7.9	0	*	Cyg
986	Har 986	STF 2587	297.8875	4.09357777777778	6.5	0	D*	Aql
987	Har 987	DUN 227	298.2	-54.965	5.8	0	D*	Tel
988	Har 988	NGC 6838	298.716666666667	18.7833	8	7.2	Gb	Sge
989	Har 989	NGC 6842	298.779166666667	29.2941333333333	14	0.8	PN	Vul
990	Har 990	STT 390	298.795833333333	30.2	6.6	0	D*	Cyg
991	Har 991	STF 2597	298.8625	-6.72947777777778	6.5	0	D*	Aql
992	Har 992	NGC 6853	300.175	22.7267	8	8	PN	Vul
993	Har 993	13 Sge	300.0375	17.5219777777778	5.3	0	D*	Sge
994	Har 994	16 Vul	300.529166666667	24.9435777777778	5.2	0	D*	Vul
995	Har 995	STF 2616	300.716666666667	14.5883	6.7	0	D*	Aql
996	Har 996	BU 57	301.383333333333	15.5063888888889	6.4	0	D*	Aql
997	Har 997	NGC 6871	301.741666666667	35.7891333333333	5	20	OC	Cyg
998	Har 998	NGC 6864	301.554166666667	-21.9319777777778	8	6	Gb	Sgr
999	Har 999	STF 2628	301.9875	9.40583333333333	6.4	0	D*	Aql
1000	Har 1000	NGC 6868	302.516666666667	-48.3905222222222	12	2.7	Gx	Tel
1001	Har 1001	theta Sge	302.5	20.9167	6.5	0	D*	Sge
1002	Har 1002	NGC 6879	302.883333333333	16.9292	13	0.1	PN	Sge
1003	Har 1003	HJ 5173	302.8375	-36.0960777777778	5.3	0	D*	Sgr
1004	Har 1004	NGC 6882	303	26.55	8	18	OC	Vul
1005	Har 1005	STF 2644	303.175	0.873088888888889	6.3	0	D*	Aql
1006	Har 1006	NGC 6886	303.45	19.9958	12	0.1	PN	Sge
1007	Har 1007	STF 2653	303.441666666667	24.2455222222222	6.6	0	D*	Vul
1008	Har 1008	NGC 6891	303.8125	12.7105555555556	12	1.2	PN	Del
1009	Har 1009	NGC 6894	304.120833333333	30.5719777777778	14	0.7	PN	Cyg
1010	Har 1010	NGC 6872	304.291666666667	-70.7775333333333	11	4.7	Gx	Pav
1011	Har 1011	alpha Cap	304.691666666667	12.4516666666667	3.58	0	***	Cap
1012	Har 1012	STF 2666	304.541666666667	40.7402444444444	0	0	D*	Cyg
1013	Har 1013	IC 4997	305.0625	16.755	10.5	0.1	PN	Sge
1014	Har 1014	HJ 5188	305.15	-29.1902444444444	6.6	0	D*	Sgr
1015	Har 1015	beta Cap	305.283333333333	14.2247555555556	3.05	0	***	Cap
1016	Har 1016	NGC 6905	305.620833333333	20.1280888888889	12	1.7	PN	Del
1017	Har 1017	kappa Sgr	305.75	-42.4167	6	0	D*	Sgr
1018	Har 1018	pi Cap	306.8625	-18.2047222222222	5.1	0	D*	Cap
1019	Har 1019	rho Cap	307.245833333333	-17.8066666666667	4.8	0	D*	Cap
1020	Har 1020	omicron Cap	307.508333333333	-18.5761444444444	5.9	0	D*	Cap
1021	Har 1021	BU 987	307.583333333333	19.4286444444444	6.9	0	D*	Del
1022	Har 1022	1 Del	307.6	10.9033333333333	6	0	D*	Del
1023	Har 1023	NGC 6934	308.575	7.41166666666667	8.9	5.9	Gb	Del
1024	Har 1024	NGC 6925	308.620833333333	-31.9896888888889	11	4.1	Gx	Mic
1025	Har 1025	NGC 6940	308.883333333333	28.3072222222222	6	31	OC	Vul
1026	Har 1026	beta Del	309.4125	14.5863555555556	3.64	0	***	Del
1027	Har 1027	49 Cyg	310.279166666667	32.3155555555556	5.5	0	D*	Cyg
1028	Har 1028	mu Oct	310.491666666667	-75.3424666666667	6.5	0	D*	Oct
1029	Har 1029	STF 2723	311.254166666667	12.3208666666667	6.7	0	D*	Del
1030	Har 1030	NGC 6960	311.695833333333	30.7253111111111	0	70	Nb	Cyg
1031	Har 1031	gamma Del	311.6875	16.1325333333333	4.3	0	D*	Del
1032	Har 1032	BU 677	311.8125	34.3830888888889	4.9	0	D*	Cyg
1033	Har 1033	alpha Mic	312.5	-33.7833	4.9	0	D*	Mic
1034	Har 1034	4 Aqr	312.8875	-5.61836666666667	6	0	D*	Aqr
1035	Har 1035	RMK 26	312.954166666667	-62.4208666666667	5.7	0	D*	Pav
1036	Har 1036	IC 5052	313.079166666667	-69.2138888888889	12	5.8	Gx	Pav
1037	Har 1037	NGC 6981	313.645833333333	-12.5452444444444	9	5.9	Gb	Aqr
1038	Har 1038	STF 2735	313.945833333333	4.54135555555556	6	0	D*	Del
1039	Har 1039	NGC 6992	314.120833333333	31.7261444444444	0	60	Nb	Cyg
1040	Har 1040	NGC 7000	314.7625	44.3433	0	12	Nb	Cyg
1041	Har 1041	NGC 6994	314.7625	-12.6433	9	2.8	OC	Aqr
1042	Har 1042	epislon Equ	314.75	4.3	5.8	0	D*	Equ
1043	Har 1043	NGC 7006	315.645833333333	16.1969111111111	10.6	2.8	Gb	Del
1044	Har 1044	2 Equ	315.579166666667	7.1883	6.7	0	D*	Equ
1045	Har 1045	CRL 2688	315.595833333333	36.7027777777778	13.5	0	PN	Cyg
1046	Har 1046	12 Aqr	316.05	-5.81416666666667	5.5	0	D*	Aqr
1047	Har 1047	NGC 7009	316.075	-11.3714222222222	8	1.6	PN	Aqr
1048	Har 1048	61 Cyg	316.729166666667	38.7522222222222	5.2	0	D*	Cyg
1049	Har 1049	NGC 7027	316.775	42.2463555555556	10	0.3	PN	Cyg
1050	Har 1050	STF 2762	317.183333333333	30.2158333333333	5.6	0	D*	Cyg
1051	Har 1051	HDO 305	317.404166666667	-73.1575	0	0	D*	Pav
1052	Har 1052	gamma Equ	317.6125	10.1410777777778	4.7	0	D*	Equ
1053	Har 1053	tau Cyg	318.716666666667	38.0563888888889	3.7	0	D*	Cyg
1054	Har 1054	BU 163	319.670833333333	11.5789222222222	7	0	D*	Equ
1055	Har 1055	NGC 7049	319.7875	-48.5694777777778	10	2.8	Gx	Ind
1056	Har 1056	STF 2786	319.941666666667	9.53524444444444	7	0	D*	Equ
1057	Har 1057	BU 271	319.970833333333	-26.3438555555556	6.6	0	D*	Cap
1058	Har 1058	theta Ind	320.004166666667	-53.4399666666667	4.4	0	D*	Ind
1059	Har 1059	STT 437	320.229166666667	32.4633333333333	6.5	0	D*	Cyg
1060	Har 1060	theta Mic	321	-41	6.4	0	D*	Mic
1061	Har 1061	zeta Cap	321.7	-22.4016666666667	3.8	0	D*	Cap
1062	Har 1062	MLO 6	321.791666666667	-42.5552777777778	5.6	0	D*	Mic
1063	Har 1063	NGC 7078	322.520833333333	12.1778111111111	6	12.3	Gb	Peg
1064	Har 1064	NGC 7092	323.1875	48.4455222222222	4	32	OC	Cyg
1065	Har 1065	NGC 7089	323.641666666667	0.829477777777778	6	12.9	Gb	Aqr
1066	Har 1066	NGC 7090	324.404166666667	-54.5625	11	7.1	Gx	Ind
1067	Har 1067	NGC 7094	324.495833333333	12.7833	13.4	1.6	PN	Peg
1068	Har 1068	NGC 7099	325.125	-23.1858	7	11	Gb	Cap
1069	Har 1069	mu Cyg	326.058333333333	28.7544444444444	4.5	0	D*	Cyg
1070	Har 1070	kappa Peg	326.183333333333	25.6569444444444	4.1	0	D*	Peg
1071	Har 1071	Pal 12	326.691666666667	-21.2405222222222	12.9	0	Gb	Cap
1072	Har 1072	lambda Oct	327.791666666667	-82.7086111111111	5.3	0	D*	Oct
1073	Har 1073	STF 2848	329.533333333333	5.95194444444445	7.2	0	D*	Peg
1074	Har 1074	IC 5148	330.179166666667	-39.3919111111111	11.5	2	PN	Gru
1075	Har 1075	eta PsA	330.241666666667	-28.4430222222222	5.4	0	D*	PsA
1076	Har 1076	NGC 7172	330.541666666667	-31.8767	11	2.2	Gx	PsA
1077	Har 1077	29 Aqr	330.641666666667	-16.9538888888889	6.4	0	D*	Aqr
1078	Har 1078	IC 5152	330.9625	-51.2863555555556	12	4.5	Gx	Ind
1079	Har 1079	NGC 7209	331.3	46.5141666666667	6	25	OC	Lac
1080	Har 1080	NGC 7205	332.425	-57.4328111111111	11	4.3	Gx	Ind
1081	Har 1081	NGC 7213	332.354166666667	-47.1739222222222	10	1.9	Gx	Gru
1082	Har 1082	41 Aqr	333.608333333333	-21.0633333333333	5.3	0	D*	Aqr
1083	Har 1083	STF 2878	333.65	7.98857777777778	6.7	0	D*	Peg
1084	Har 1084	NGC 7243	333.804166666667	49.8955222222222	6.4	21	OC	Lac
1085	Har 1085	STF 2894	334.754166666667	37.7835777777778	6.2	0	D*	Lac
1086	Har 1086	pi Gru	335.716666666667	-45.9371888888889	6.4	0	D*	Gru
1087	Har 1087	IC 5217	336	50.9822555555556	13	0.1	PN	Lac
1088	Har 1088	51 Aqr	336.058333333333	-4.82503333333333	5.8	0	D*	Aqr
1089	Har 1089	53 Aqr	336.675	-16.7303111111111	5.5	0	D*	Aqr
1090	Har 1090	34 Peg	336.683333333333	4.40638888888889	5.8	0	D*	Peg
1091	Har 1091	STF 2906	336.7125	37.4583333333333	6.5	0	D*	Lac
1092	Har 1092	delta Tuc	336.870833333333	-64.9558333333333	4.5	0	D*	Tuc
1093	Har 1093	zeta Aqr	337.2375	0.0075	3.6	0	D*	Aqr
1094	Har 1094	NGC 7293	337.691666666667	-20.8086111111111	7.3	13	PN	Aqr
1095	Har 1095	37 Peg	337.520833333333	4.44441111111111	5.5	0	D*	Peg
1096	Har 1096	beta PsA	337.908333333333	-32.3349666666667	4.3	0	D*	PsA
1097	Har 1097	NGC 7314	339.225	-26.0561111111111	10	4.6	Gx	PsA
1098	Har 1098	NGC 7331	339.295833333333	34.4178111111111	9.5	11	Gx	Peg
1099	Har 1099	NGC 7332	339.379166666667	23.8116666666667	11	4.2	Gx	Peg
1100	Har 1100	HN 117	339.75	-28.3333	7.3	0	D*	PsA
1101	Har 1101	STF 2942	341.045833333333	39.4805888888889	5.9	0	D*	Lac
1102	Har 1102	xi Peg	341.7	12.1863555555556	4.2	0	D*	Peg
1103	Har 1103	gamma PsA	343.1625	-32.8641666666667	4.5	0	D*	PsA
1104	Har 1104	NGC 7410	343.783333333333	-39.6680888888889	10	5.5	Gx	Gru
1105	Har 1105	NGC 7408	344.020833333333	-63.7016666666667	12.6	0	Gx	Tuc
1106	Har 1106	delta PsA	344.020833333333	-32.5280888888889	4.2	0	D*	PsA
1107	Har 1107	52 Peg	344.829166666667	11.7430222222222	5.8	0	D*	Peg
1108	Har 1108	beta Peg	345.970833333333	28.0817	2.44	0	***	Peg
1109	Har 1109	theta Gru	346.754166666667	-43.5091666666667	4.3	0	D*	Gru
1110	Har 1110	nu Gru	346.754166666667	-38.8808666666667	5.6	0	D*	Gru
1111	Har 1111	DUN 246	346.845833333333	-50.6755888888889	5.8	0	D*	Gru
1112	Har 1112	NGC 7492	347.141666666667	-15.6322555555556	11	6.2	Gb	Aqr
1113	Har 1113	I 1467	348.345833333333	-49.6075	6.8	0	D*	Gru
1114	Har 1114	NGC 7552	349.075	-42.5905222222222	10	3.5	Gx	Gru
1115	Har 1115	NGC 7582	349.629166666667	-42.3755888888889	10	4.6	Gx	Gru
1116	Har 1116	94 Aqr	349.808333333333	-13.4455222222222	5.2	0	D*	Aqr
1117	Har 1117	NGC 7606	349.8	-8.49052222222222	10	5.8	Gx	Aqr
1118	Har 1118	NGC 7619	350.091666666667	8.20416666666667	11	2.9	Gx	Peg
1119	Har 1119	STF 3007	350.733333333333	20.5742	6.6	0	D*	Peg
1120	Har 1120	STF 3009	351.095833333333	3.72836666666667	6.6	0	D*	Psc
1121	Har 1121	NGC 7662	351.5	42.5519444444444	8.3	2.2	PN	And
1122	Har 1122	PK104-29.1	354	30.4764222222222	12.7	0	PN	Peg
1123	Har 1123	Howe 93	354.3	-31.8597222222222	6.5	0	D*	Scl
1124	Har 1124	DUN 251	354.895833333333	-46.6264222222222	6.1	0	D*	Phe
1125	Har 1125	R Aqr	355.9875	-15.2717	8.7	0	*	Aqr
1126	Har 1126	78 Peg	356.025	29.3778111111111	4.9	0	D*	Peg
1127	Har 1127	107 Aqr	356.533333333333	-18.6655555555556	5.3	0	D*	Aqr
1128	Har 1128	NGC 7793	359.7375	-32.5969111111111	9	9.1	Gx	Scl
1129	Har 1129	STF 3050	359.9	33.7410777777778	5.8	0	D*	And
